date,open,high,low,adjClose,value,volume,count,yesterday,close
2019-07-13 00:00:00,6858.587242510942,6858.587242510942,6858.587242510942,6858.587242510942,9731850000000,311419200,581693,219.47479176035012,6858.587242510942
2019-07-14 00:00:00,7201.406867240609,7201.406867240609,7201.406867240609,7201.406867240609,14252351568,434364,1254,6858.587242510942,7201.406867240609
2019-07-15 00:00:00,7561.345525727584,7561.345525727584,7561.345525727584,7561.345525727584,32882297976,954438,2491,7201.406867240609,7561.345525727584
2019-07-16 00:00:00,7939.281117138906,7939.281117138906,7183.409934316261,7938.183743180104,3050475936375,84339091,174190,7561.345525727584,7939.281117138906
2019-07-17 00:00:00,7970.227062777116,8334.994166682818,7541.373319677391,8138.344753265544,1094771498693,29523727,59994,7938.183743180104,8241.49790539291
2019-07-20 00:00:00,8318.09460771727,8340.042086893305,8120.786769924715,8265.201182903025,1405251744850,37314859,95999,8138.344753265544,8308.218242088054
2019-07-27 00:00:00,8923.308443559094,9150.635296595066,8679.270281606823,8906.066616899421,999484183045,29768929,52863,8265.201182903025,8936.571387143456
2019-07-28 00:00:00,8925.695773404279,8925.961032275965,8541.866186072828,8699.695214726742,669969109740,20427597,46503,8906.066616899421,8727.016878510529
2019-07-29 00:00:00,8559.903789347562,8753.542765679253,8488.54915286369,8595.978995897027,392085589846,12099255,26025,8699.695214726742,8700.75625021349
2019-07-30 00:00:00,8626.218507269374,8885.90694265119,8626.218507269374,8784.047535923288,265438642538,8015598,16193,8595.978995897027,8836.038274773988
2019-07-31 00:00:00,8835.773015902301,9223.050968565683,8835.773015902301,9153.553144183628,433318147055,12556920,20337,8784.047535923288,9223.050968565683
2019-08-03 00:00:00,9284.060509053754,9546.401533152444,9223.050968565683,9371.330677838858,371914747558,10527198,18452,9153.553144183628,9340.29538985145
2019-08-04 00:00:00,9372.391713325607,9374.248525427418,9071.853411703953,9218.80682661869,419814686098,12079759,19529,9371.330677838858,9175.30437166198
2019-08-05 00:00:00,9151.431073210128,9151.431073210128,8954.078472674813,9005.53869378214,325116546736,9576325,16890,9218.80682661869,9063.895645553335
2019-08-06 00:00:00,8935.245092785019,9124.639927169716,8840.017157849297,8916.942230638599,263777992145,7846883,15499,9005.53869378214,8992.275750197778
2019-08-07 00:00:00,8886.96797813794,8979.012806613417,8836.834051389049,8865.482009531273,196227584216,5871238,14651,8916.942230638599,8851.953807075222
2019-08-10 00:00:00,8832.324650570366,8832.324650570366,8713.753934926166,8733.64835030271,243878528996,7407129,23283,8865.482009531273,8785.373830281724
2019-08-11 00:00:00,8727.016878510529,9018.536378494817,8697.838402624931,8850.892771588475,158974542694,4764456,10903,8733.64835030271,8912.698088691603
2019-08-13 00:00:00,8851.688548203536,8859.381055482467,8753.542765679253,8779.538135104603,181876010319,5495102,11005,8850.892771588475,8785.108571410035
2019-08-14 00:00:00,8768.39726249374,8939.754493603703,8768.132003622051,8836.568792517362,194380328473,5834904,10702,8779.538135104603,8867.60408050477
2019-08-17 00:00:00,8833.650944928802,8836.303533645676,8720.385406718347,8749.563882603945,181708444918,5508897,11780,8836.568792517362,8743.19766968345
2019-08-18 00:00:00,8716.937041386413,8725.95584302378,8620.913329835628,8678.474504991762,187217961084,5722335,11986,8749.563882603945,8666.00733802246
2019-08-19 00:00:00,8628.871095986246,8666.00733802246,8610.568233839826,8626.749025012748,155144173459,4770491,16013,8678.474504991762,8650.887582336287
2019-08-21 00:00:00,8631.523684703117,8859.646314354153,8631.258425831431,8727.282137382215,147435850448,4481194,8982,8626.749025012748,8764.153120546744
2019-08-24 00:00:00,8754.338542294316,9018.801637366503,8707.122463133985,8763.887861675055,248182239473,7511714,12734,8727.282137382215,9018.801637366503
2019-08-25 00:00:00,8885.90694265119,8912.432829819916,8723.03799543522,8791.740043202217,147851298064,4460916,7630,8763.887861675055,8806.594540016704
2019-08-27 00:00:00,8801.289362582958,9077.689106881073,8754.073283422627,8902.883510439175,184259606483,5489901,8362,8791.740043202217,8756.195354396126
2019-08-28 00:00:00,8727.016878510529,8886.172201522879,8656.988536385094,8740.545080966578,159020883726,4825932,7666,8902.883510439175,8746.646035015385
2019-08-31 00:00:00,8754.86906003769,8885.90694265119,8713.753934926166,8759.113201984685,189767341768,5746848,9865,8740.545080966578,8737.361974506332
2019-09-01 00:00:00,8737.627233378018,8819.061706986004,8729.138949484026,8758.052166497937,142709820475,4322324,7918,8759.113201984685,8761.50053182987
2019-09-02 00:00:00,8753.80802455094,8765.214156033493,8737.892492249706,8752.216471320817,214964202448,6515147,9521,8758.052166497937,8758.847943112998
2019-09-03 00:00:00,8740.27982209489,8891.477378956622,8740.27982209489,8808.451352118514,131875863339,3971306,8053,8752.216471320817,8817.735412627568
2019-09-04 00:00:00,8857.789502252343,8857.789502252343,8806.594540016704,8815.348082782382,130432864719,3924747,10124,8808.451352118514,8850.3622538451
2019-09-08 00:00:00,8939.223975860328,9069.20082298708,8939.223975860328,8989.092643737531,199705306197,5893075,8140,8815.348082782382,8992.275750197778
2019-09-11 00:00:00,8968.9329694893,9051.693737455722,8968.9329694893,8995.458856658026,190137863516,5606752,8788,8989.092643737531,8994.132562299588
2019-09-14 00:00:00,9013.496459932758,9017.475343008067,8926.226291147654,8971.585558206172,258691853701,7648553,10819,8995.458856658026,8934.449316169957
2019-09-15 00:00:00,8925.961032275965,8939.223975860328,8875.827105527076,8916.676971766912,221802901812,6598371,8368,8971.585558206172,8915.350677408476
2019-09-16 00:00:00,8991.479973582716,9282.46895582363,8939.754493603703,9041.879159203294,222049893731,6514124,9609,8916.676971766912,9036.308722897862
2019-09-17 00:00:00,9045.327524535229,9150.900555466756,8945.059671037448,9010.5786123442,109142561070,3212985,5468,9041.879159203294,8951.160625086255
2019-09-18 00:00:00,8808.186093246826,8952.486919444691,8753.542765679253,8791.47478433053,126970729687,3831004,5379,9010.5786123442,8854.341136920408
2019-09-21 00:00:00,8780.068652847978,8896.782556390368,8777.150805259418,8821.714295702877,90024252559,2706893,4598,8791.47478433053,8826.488955393246
2019-09-22 00:00:00,8806.594540016704,9103.684476306424,8753.80802455094,8933.123021811522,202659950691,6017678,8117,8821.714295702877,9077.423848009386
2019-09-23 00:00:00,9124.639927169716,9379.553702861163,9071.853411703953,9330.480811599022,289917811646,8242084,7390,8933.123021811522,9379.553702861163
2019-09-24 00:00:00,9628.89704224718,9796.805908025208,9386.980951268406,9657.810259261089,380616137471,10453877,11341,9330.480811599022,9602.371155078454
2019-09-25 00:00:00,9668.685873000266,9668.685873000266,9443.215832066104,9546.401533152444,127424584375,3540613,7936,9657.810259261089,9596.800718773022
2019-09-28 00:00:00,9602.371155078454,9612.981509945945,9417.48572151244,9494.941312045115,145445973351,4063256,6477,9546.401533152444,9512.448397576476
2019-09-29 00:00:00,9416.689944897378,9416.689944897378,9172.121265201731,9206.870177392764,171924276493,4953369,6713,9494.941312045115,9228.35614599943
2019-09-30 00:00:00,9217.745791131942,9463.90602405771,9164.69401679449,9260.982987216965,158501136309,4539944,6839,9206.870177392764,9337.112283391203
2019-10-01 00:00:00,9284.856285668817,9333.929176930957,9143.47330705951,9241.88434845548,166579397163,4781092,5675,9260.982987216965,9151.431073210128
2019-10-02 00:00:00,9148.24796674988,9150.900555466756,9072.11867057564,9093.869898053996,101103697026,2949101,4116,9241.88434845548,9093.074121438933
2019-10-05 00:00:00,9092.808862567246,9095.726710155806,8992.275750197778,9033.390875309302,140408318418,4122971,6005,9093.869898053996,9005.273434910454
2019-10-06 00:00:00,8992.275750197778,9018.801637366503,8847.179147384852,8925.961032275965,73010372766,2169689,4066,9033.390875309302,9005.53869378214
2019-10-07 00:00:00,8991.745232454405,9154.083661927,8923.308443559094,9005.803952653829,85630245274,2522198,4641,8925.961032275965,8979.278065485103
2019-10-08 00:00:00,8925.961032275965,8992.275750197778,8687.493306629129,8830.467838468556,112841614758,3389651,5394,9005.803952653829,8780.068652847978
2019-10-09 00:00:00,8660.967419460403,9015.618530906257,8660.967419460403,8836.834051389049,67063738123,2013075,6102,8830.467838468556,9002.886105065269
2019-10-12 00:00:00,9002.886105065269,9197.58611688371,8969.728746104362,9080.076436726258,84835674217,2478328,4762,8836.834051389049,9127.29251588659
2019-10-13 00:00:00,9204.48284754758,9257.534621885028,9019.862672853253,9105.01077066486,98263773726,2862781,4305,9080.076436726258,9040.022347101483
2019-10-14 00:00:00,9047.9801132521,9095.726710155806,8841.873969951108,8886.702719266254,63055716780,1882132,2752,9105.01077066486,8892.007896699997
2019-10-15 00:00:00,8892.007896699997,8988.827384865845,8442.394109190109,8648.76551136279,85715723055,2628922,4265,8886.702719266254,8714.019193797852
2019-10-16 00:00:00,8714.019193797852,8939.223975860328,8647.70447587604,8764.153120546744,54443081781,1647794,3224,8648.76551136279,8740.27982209489
2019-10-20 00:00:00,8740.27982209489,8939.223975860328,8538.683079612581,8617.464964503693,66667527712,2052126,3774,8764.153120546744,8561.230083705997
2019-10-21 00:00:00,8522.767547311345,8888.559531368064,8522.767547311345,8717.732818001474,89719274428,2729897,3359,8617.464964503693,8810.308164220325
2019-10-22 00:00:00,8864.951491787899,9153.553144183628,8864.951491787899,9092.278344823872,137213185168,4003117,3413,8717.732818001474,9153.553144183628
2019-10-23 00:00:00,9546.66679202413,9546.66679202413,9284.060509053754,9484.596216049316,528079958020,14769144,10075,9092.278344823872,9469.74171923483
2019-10-26 00:00:00,9428.891852994991,9691.49813596537,9231.27399358799,9500.777007222236,205260120173,5730786,6790,9484.596216049316,9620.93927609656
2019-10-28 00:00:00,9549.319380741004,9615.634098662817,9443.48109093779,9504.49063142586,135707646914,3787449,4339,9500.777007222236,9469.47646036314
2019-10-30 00:00:00,9417.220462640753,9469.74171923483,9289.896204230872,9366.556018148489,134487282423,3808645,4835,9504.49063142586,9337.112283391203
2019-11-02 00:00:00,9331.807105957458,9331.807105957458,9085.116355288315,9168.938158741486,129083781907,3734366,4137,9366.556018148489,9119.334749735972
2019-11-03 00:00:00,9177.956960378851,9177.956960378851,8992.275750197778,9101.03188758955,90536024771,2638784,3236,9168.938158741486,9010.048094600825
2019-11-04 00:00:00,8968.402451745926,9254.351515424782,8910.04549997473,9017.740601879754,102344292973,3010466,2682,9101.03188758955,9122.25259732453
2019-11-05 00:00:00,9048.510630995475,9270.267047726016,9048.510630995475,9197.58611688371,69384264654,2001070,2575,9017.740601879754,9220.398379848812
2019-11-09 00:00:00,9399.713377109394,9399.713377109394,9196.52508139696,9266.288164650708,63382884913,1814409,2533,9197.58611688371,9204.21758867589
2019-11-10 00:00:00,9204.48284754758,9204.48284754758,9071.853411703953,9150.900555466756,50236412739,1456230,2083,9266.288164650708,9178.487478122228
2019-11-11 00:00:00,9084.851096416627,9363.37291168824,9059.386244734653,9175.30437166198,65076471353,1881355,2059,9150.900555466756,9205.543883034328
2019-11-12 00:00:00,9284.060509053754,9402.10070695458,9204.48284754758,9341.621684209887,129948356665,3689905,2511,9175.30437166198,9343.21323744001
2019-11-13 00:00:00,9360.720322971369,9395.469235162398,9231.008734716304,9362.046617329805,55430703768,1570535,2176,9341.621684209887,9339.764872108077
2019-11-16 00:00:00,9390.164057728653,9390.164057728653,9249.57685573441,9288.835168744125,56566485201,1615374,1930,9362.046617329805,9279.816367106758
2019-11-17 00:00:00,9205.27862416264,9205.27862416264,8894.129967673496,9012.700683317697,46083660115,1356304,2095,9288.835168744125,9020.12793172494
2019-11-18 00:00:00,8965.749863029054,9463.110247442648,8965.749863029054,9232.069770203052,56932088375,1635802,1628,9012.700683317697,9196.790340268648
2019-11-19 00:00:00,9281.142661465194,9284.060509053754,9151.431073210128,9227.29511051268,38252382232,1099644,1439,9232.069770203052,9235.2528766633
2019-11-20 00:00:00,9244.536937172354,9285.38680341219,9098.644557744366,9176.895924892104,37212996780,1075636,1623,9227.29511051268,9204.48284754758
2019-11-23 00:00:00,9154.348920798688,9154.348920798688,9059.120985862965,9112.172760200416,52470030261,1527408,1686,9176.895924892104,9098.644557744366
2019-11-24 00:00:00,9060.447280221402,9098.379298872678,9001.029292963458,9024.106814800249,56487288061,1660396,2130,9112.172760200416,9032.064580950866
2019-11-25 00:00:00,9203.687070932516,9203.687070932516,9020.12793172494,9034.982428539426,59901122171,1758663,2055,9024.106814800249,9048.510630995475
2019-11-26 00:00:00,9124.639927169716,9124.639927169716,8964.423568670618,8986.970572764034,57003029943,1682513,2640,9034.982428539426,8980.869618715227
2019-11-27 00:00:00,9098.909816616051,9436.319101402234,9098.644557744366,9377.696890759353,166957383311,4722545,3668,8986.970572764034,9436.319101402234
2019-11-30 00:00:00,9551.971969457876,9846.409317030724,9549.319380741004,9822.80127745056,568489891554,15351560,8948,9377.696890759353,9846.409317030724
2019-12-01 00:00:00,9814.578252428251,9846.409317030724,9550.910933971129,9733.409037691956,157053371513,4280137,4849,9822.80127745056,9841.10413959698
2019-12-02 00:00:00,9814.84351129994,10185.675413918716,9814.84351129994,10016.970771525626,266042408050,7045098,4912,9733.409037691956,10079.837124115504
2019-12-03 00:00:00,10079.837124115504,10398.147770140204,10042.700882079287,10287.004302903246,254613412719,6565333,4757,10016.970771525626,10390.190003989586
2019-12-04 00:00:00,10398.147770140204,10472.420254212631,10345.095995802754,10408.758125007696,111821764173,2849720,3216,10287.004302903246,10411.410713724566
2019-12-07 00:00:00,10461.809899345144,10517.779521271152,10279.046536752629,10379.844907993784,181475333403,4637628,4950,10408.758125007696,10445.89436704391
2019-12-08 00:00:00,10412.737008083002,10795.770818799392,10345.36125467444,10582.237427091157,156758988893,3929386,3539,10379.844907993784,10666.855007159387
2019-12-09 00:00:00,10663.406641827454,11008.24317502088,10610.885385233378,10894.712377938737,142983979610,3481293,3340,10582.237427091157,10981.452028980466
2019-12-10 00:00:00,11268.196869274385,11439.28884151266,11156.78814316574,11385.706549431836,333665416374,7773646,4941,10894.712377938737,11432.392110848792
2019-12-11 00:00:00,11406.131482551757,11671.125095367315,11193.924385201954,11452.021267353648,195599377181,4530602,4302,11385.706549431836,11549.37127326287
2019-12-14 00:00:00,11549.106014391182,12024.449912454736,11453.87807945546,11934.792413824443,212354160050,4719708,5094,11452.021267353648,12024.449912454736
2019-12-15 00:00:00,12437.988493415158,12437.988493415158,11671.390354239003,12062.38193110601,194805254505,4283847,6179,11934.792413824443,11909.858079885842
2019-12-16 00:00:00,11886.780558049051,12162.119266860416,11540.087212753817,11807.733414286253,191707128183,4306689,5307,12062.38193110601,11782.79908034765
2019-12-17 00:00:00,11680.939673619743,12397.934403790385,11680.939673619743,12251.246247747333,222850711688,4825061,5414,11807.733414286253,12268.488074407003
2019-12-22 00:00:00,12334.537533457127,12865.05527683163,12334.537533457127,12655.235509327014,123551034996,2589705,2609,12251.246247747333,12863.728982473194
2019-12-23 00:00:00,13127.661559802007,13127.661559802007,12467.166969300755,12738.7920539085,193564355011,4030544,4214,12655.235509327014,12786.538650812205
2019-12-24 00:00:00,12825.266446078542,12997.684712675256,12467.166969300755,12756.299139439858,115768907031,2407328,2702,12738.7920539085,12705.89995381928
2019-12-25 00:00:00,12732.425840988004,12833.489471100847,12361.063420625856,12518.361931536394,104690823182,2218369,3516,12756.299139439858,12534.807981581003
2019-12-28 00:00:00,12812.00350249418,12944.367679466117,12573.801035719029,12767.705270922408,112090271105,2328762,3183,12518.361931536394,12613.059348728742
2019-12-29 00:00:00,12569.556893772033,13024.21059984398,12437.457975671785,12633.749540720348,163917673306,3441629,3423,12767.705270922408,12810.942467007431
2019-12-30 00:00:00,12732.425840988004,13265.33091420769,12706.430471562657,13206.973962436496,375756839037,7546942,4253,12633.749540720348,13265.33091420769
2019-12-31 00:00:00,13554.72834321848,13766.93544056828,12865.05527683163,13354.98841283798,138734656762,2755583,3365,13206.973962436496,13345.969611200617
2020-01-01 00:00:00,13501.67656888103,13739.87903565618,13130.31414851888,13536.690739943748,136015901798,2665296,2809,13354.98841283798,13436.15762757428
2020-01-04 00:00:00,13536.690739943748,13554.72834321848,12860.015358269571,13371.699721754278,726539018998,14412560,3189,13536.690739943748,12860.015358269571
2020-01-05 00:00:00,13236.41769719378,13771.975359130338,13143.577092103242,13356.314707196418,579892194464,11516838,4515,13371.699721754278,13262.943584362503
2020-01-07 00:00:00,13369.047133037406,13528.202456049756,12688.658127159608,12835.346283202658,397903457827,8223153,4145,13356.314707196418,12705.89995381928
2020-01-08 00:00:00,12578.840954281088,12879.644514774429,12578.840954281088,12603.510029348,446038525749,9387543,3692,12835.346283202658,12864.790017959942
2020-01-11 00:00:00,12855.505957450889,12855.505957450889,12855.505957450889,12855.505957450889,10688444416,220544,121,12603.510029348,12855.505957450889
2020-01-12 00:00:00,13498.228203549095,13498.228203549095,13498.228203549095,13498.228203549095,22770762099,447477,268,12855.505957450889,13498.228203549095
2020-01-13 00:00:00,14173.04677312146,14173.04677312146,14173.04677312146,14173.04677312146,97303461255,1821105,555,13498.228203549095,14173.04677312146
2020-01-14 00:00:00,14881.553219398103,14881.553219398103,14536.186168461303,14832.480328135964,736982233236,13180017,5780,14173.04677312146,14881.553219398103
2020-01-15 00:00:00,14960.600363160906,15573.878874501828,14832.74558700765,15387.136628834003,397903513201,6859443,3738,14832.480328135964,15573.878874501828
2020-01-18 00:00:00,15915.532301235004,16101.21351141608,15573.878874501828,15915.26704236332,563668984281,9394613,3834,15387.136628834003,15966.196745727271
2020-01-19 00:00:00,16095.908333982336,16095.908333982336,15385.014557860506,15857.705867207183,261621130057,4376265,3157,15915.26704236332,15755.581201607594
2020-01-20 00:00:00,15886.353825349408,15915.532301235004,15597.221655210304,15812.346600148663,513662324305,8616860,3247,15857.705867207183,15683.430788508662
2020-01-21 00:00:00,15650.273429547757,15835.95463972883,15451.329275782318,15668.045773950802,580396339421,9826045,2789,15812.346600148663,15491.118106535405
2020-01-22 00:00:00,15483.160340384788,15782.372347648006,15120.020945044942,15454.777641114251,227848553474,3910659,3141,15668.045773950802,15438.066332197955
2020-01-25 00:00:00,15464.59221936668,15464.59221936668,15074.92693685811,15142.833208010046,207060772271,3627111,4856,15454.777641114251,15114.45050873951
2020-01-26 00:00:00,15898.290474575337,15898.290474575337,15205.16904285655,15419.498211179847,230844108313,3971176,3767,15142.833208010046,15241.77476714939
2020-01-27 00:00:00,15564.594813992771,15564.594813992771,15093.22979900453,15258.486076065688,144643975108,2514559,2643,15419.498211179847,15419.498211179847
2020-01-28 00:00:00,15416.845622462975,15591.1207011615,15252.38512201688,15334.880631111617,150684044083,2606501,2826,15258.486076065688,15258.486076065688
2020-02-01 00:00:00,15252.38512201688,15252.915639760256,14801.445040148556,14912.323248513823,143521269230,2552952,3813,15334.880631111617,14866.963981455308
2020-02-02 00:00:00,14724.78522623094,15014.978431856793,14592.421049259005,14846.804307207076,86537012039,1546112,2565,14912.323248513823,14881.553219398103
2020-02-03 00:00:00,14846.804307207076,15570.69576804158,14788.182096564193,15362.732812638777,94099488076,1624751,2365,14846.804307207076,15385.014557860506
2020-02-04 00:00:00,15387.401887705691,15517.64399370413,15013.652137498357,15146.016314470293,121256315297,2123628,2392,15362.732812638777,15066.703911835806
2020-02-05 00:00:00,15384.749298988818,15587.937594701252,15119.755686173256,15280.23730354404,89477428358,1553287,2389,15146.016314470293,15517.64399370413
2020-02-08 00:00:00,15451.329275782318,15703.325203885206,15451.329275782318,15544.70039861623,133745335466,2282280,2327,15280.23730354404,15531.967972775245
2020-02-09 00:00:00,15530.906937288491,15530.906937288491,15172.807460510703,15352.122457771287,134151420808,2317911,2482,15544.70039861623,15385.014557860506
2020-02-10 00:00:00,15782.637606519693,15782.637606519693,15119.755686173256,15393.768100626185,164813032770,2839983,2941,15352.122457771287,15483.160340384788
2020-02-12 00:00:00,15518.970288062566,16163.284087390895,15518.970288062566,16027.471545087026,152203036650,2519015,1925,15393.768100626185,16163.284087390895
2020-02-15 00:00:00,16828.818596454206,16828.818596454206,16660.90973067618,16828.288078710833,587925519936,9267292,2306,16027.471545087026,16828.818596454206
2020-02-16 00:00:00,17669.689219702792,17669.689219702792,17573.40024928032,17669.158701959415,725484103246,10891293,3011,16828.288078710833,17669.689219702792
2020-02-17 00:00:00,18170.23271057663,18552.47074467796,17995.957631878107,18408.43517735178,451522187206,6506236,4274,17669.158701959415,18408.96569509516
2020-02-18 00:00:00,18408.96569509516,18833.37988979476,17684.543716517277,18307.636806110622,293846138962,4257546,3646,18408.43517735178,18408.96569509516
2020-02-19 00:00:00,18040.25586344988,18780.328115457305,18040.25586344988,18508.437771977875,176478348301,2529251,2999,18307.636806110622,18514.803984898368
2020-02-22 00:00:00,17639.714967202133,19433.39545755132,17639.714967202133,18866.27198988397,208811123907,2935879,3027,18508.437771977875,19102.35238568563
2020-02-23 00:00:00,19806.61469001528,19809.53253760384,19311.11111770349,19707.938389747625,286872726273,3861155,3400,18866.27198988397,19659.396016228853
2020-02-24 00:00:00,20610.61433009933,20610.61433009933,19363.897633169257,20133.41361993397,280921413491,3701151,2786,19707.938389747625,20358.35314312476
2020-02-25 00:00:00,20424.933119918256,20451.45900708698,19925.98118227454,20212.46076369677,226183124019,2968336,3869,20133.41361993397,20217.50068225883
2020-02-26 00:00:00,20414.32276505077,20414.32276505077,19326.49613226136,19692.288116318072,250332832102,3372015,4204,20212.46076369677,19363.897633169257
2020-02-29 00:00:00,18707.912443486686,18966.00932563838,18707.912443486686,18714.01339753549,264362788551,3747150,4280,19692.288116318072,18707.912443486686
2020-03-01 00:00:00,18249.810372082808,19363.36711542588,18249.810372082808,19123.838354292297,98166297893,1361625,2314,18714.01339753549,19284.31997166308
2020-03-02 00:00:00,19862.58431194129,20075.05666816277,19326.49613226136,19754.889210036265,199817438961,2683057,2187,19123.838354292297,20024.39222367051
2020-03-03 00:00:00,20079.831327853142,20687.53940288864,19894.41537654376,20228.376295998005,196581724060,2577833,2460,19754.889210036265,20365.51513266031
2020-03-04 00:00:00,20531.03666859316,20531.03666859316,19894.41537654376,20078.23977462302,108409303851,1432233,3110,20228.376295998005,20120.415935221296
2020-03-07 00:00:00,19074.500204158467,19629.156504856503,19074.500204158467,19130.20456721279,264163560013,3662885,4021,20078.23977462302,19231.268197325637
2020-03-09 00:00:00,18173.94633478025,18173.94633478025,18173.94633478025,18540.00357770866,50737426074,740541,1149,19130.20456721279,18173.94633478025
2020-03-10 00:00:00,17613.189080033408,17613.189080033408,17613.189080033408,17613.189080033408,119056926400,1793026,1046,18540.00357770866,17613.189080033408
2020-03-11 00:00:00,16732.529626031737,17507.085531358505,16732.529626031737,16907.600481345322,359342970726,5637659,4907,17613.189080033408,16732.529626031737
2020-03-14 00:00:00,16062.220457278056,16062.220457278056,16062.220457278056,16062.220457278056,94928938100,1567700,1404,16907.600481345322,16062.220457278056
2020-03-15 00:00:00,15282.624633389229,16397.242412219053,15259.28185268075,15521.357617907752,372774365794,6370688,5823,16062.220457278056,16163.549346262584
2020-03-16 00:00:00,16297.23981759296,16297.23981759296,16201.216106042177,16296.974558721273,316840960148,5157105,3547,15521.357617907752,16297.23981759296
2020-03-17 00:00:00,16499.101818946958,16532.789695651238,15482.364563769726,16046.835442720194,162321311854,2683231,3570,16296.974558721273,16449.763668813128
2020-03-18 00:00:00,16512.364762531317,16846.590940857255,16335.171836244235,16705.473221119635,147600681325,2343690,3212,16046.835442720194,16713.961505013627
2020-03-24 00:00:00,16578.67948045313,16703.35115014614,15870.438293048172,15930.917315792867,190165229376,3166371,4798,16705.473221119635,15870.438293048172
2020-03-25 00:00:00,15517.64399370413,16702.820632402763,15517.64399370413,16181.586949537315,212325307382,3480564,4423,15930.917315792867,16093.786263008838
2020-03-28 00:00:00,16182.38272615238,16197.237222966864,15703.325203885206,15933.56990450974,360231653132,5997097,9038,16181.586949537315,16013.678083759289
2020-03-29 00:00:00,16260.634093300116,16408.91380257329,15783.433383134756,16110.497571925134,219493439499,3613960,6216,15933.56990450974,15939.40559968686
2020-03-30 00:00:00,15716.853406341255,16446.050044609507,15716.853406341255,16030.389392675585,277102043890,4585256,4581,16110.497571925134,16135.96242360711
2020-04-04 00:00:00,16814.759876254782,16831.736444042766,16711.308916296755,16825.90074886565,263399983215,4152492,1973,16030.389392675585,16831.736444042766
2020-04-05 00:00:00,17667.036630985916,17667.036630985916,16758.524995457086,17174.450906262693,345564377069,5337232,6795,16825.90074886565,17032.272151038327
2020-04-06 00:00:00,17162.24899816508,17162.24899816508,16327.744587836993,16677.090521849103,148581445093,2363272,3891,17174.450906262693,16817.412464971658
2020-04-07 00:00:00,16765.68698499264,17172.85935303257,16764.360690634207,16972.32364603701,180537113733,2821612,4239,16677.090521849103,17003.09367515273
2020-04-08 00:00:00,17159.331150576523,17440.505554565007,16843.93835214038,17091.1596205529,193572361637,3004282,5196,16972.32364603701,17056.14544949018
2020-04-11 00:00:00,17400.981982683606,17945.55844625753,17268.352546839982,17741.574373930034,290314584323,4340564,4746,17091.1596205529,17945.55844625753
2020-04-12 00:00:00,18432.043216931947,18628.6000408522,17741.574373930034,18578.46611410331,230436921389,3290138,2808,17741.574373930034,18628.6000408522
2020-04-13 00:00:00,19363.897633169257,19363.897633169257,18223.28448491408,18618.78546259977,208211286863,2966346,3598,18578.46611410331,18289.599202835896
2020-04-14 00:00:00,17687.99208184921,18115.854641880745,17687.99208184921,17822.478329794645,188468193170,2805055,5971,18618.78546259977,17798.870290214483
2020-04-15 00:00:00,17507.085531358505,18713.48287979212,17507.085531358505,18251.40192531293,253649879984,3686467,5228,17822.478329794645,18090.655049070458
2020-04-20 00:00:00,19390.423520337983,20359.94469635488,19390.423520337983,19905.556249154622,396730263016,5286754,6141,18251.40192531293,19894.41537654376
2020-04-21 00:00:00,19496.52706901288,20359.679437483195,19496.52706901288,19988.58227599273,298013133980,3954769,4820,19905.556249154622,19994.683230041537
2020-04-22 00:00:00,19629.687022599883,19883.009245061206,19246.91847075518,19525.70554489848,345093964482,4688113,5731,19988.58227599273,19626.503916139634
2020-04-25 00:00:00,19946.936633137837,20501.85819270756,19946.936633137837,20456.49892564904,505708659250,6557483,2524,19525.70554489848,20501.85819270756
2020-04-26 00:00:00,21479.07187600339,21479.07187600339,20425.198378789944,21374.02936281524,687890059392,8536898,3892,20456.49892564904,21479.07187600339
2020-04-27 00:00:00,22432.94277859074,22442.49209797148,22176.967967412544,22428.433377772057,1337527360163,15818822,7274,21374.02936281524,22442.49209797148
2020-04-28 00:00:00,23369.306595646733,23549.682628394065,23078.31761340582,23533.236578349453,1181526230655,13317837,4177,22428.433377772057,23549.682628394065
2020-04-29 00:00:00,24709.659674282408,24709.659674282408,24709.659674282408,24709.659674282408,579549899052,6221484,3057,23533.236578349453,24709.659674282408
2020-05-02 00:00:00,25944.970239729933,25944.970239729933,25944.970239729933,25944.970239729933,610319043830,6239843,3774,24709.659674282408,25944.970239729933
2020-05-03 00:00:00,27242.086122280583,27242.086122280583,27189.034347943136,27241.8208634089,899328437375,8756965,5778,25944.970239729933,27215.56023511186
2020-05-04 00:00:00,26525.88716872501,27241.8208634089,25879.98181616656,26290.60254953842,1042052637678,10513753,10676,27241.8208634089,25935.68617922088
2020-05-05 00:00:00,26475.48798310443,26475.48798310443,24976.24484032809,25144.418964977813,765504583631,8075622,7103,26290.60254953842,24976.24484032809
2020-05-06 00:00:00,24032.453774864854,26401.48075790369,24032.453774864854,25748.148156937998,641872607989,6612609,6148,25144.418964977813,26401.48075790369
2020-05-09 00:00:00,27035.449461236218,27035.449461236218,27035.449461236218,27035.449461236218,493400172526,4841006,2793,25748.148156937998,27035.449461236218
2020-05-10 00:00:00,28387.208671354445,28387.208671354445,27056.40491209951,28347.685099473045,552023358342,5165463,3300,27035.449461236218,28387.208671354445
2020-05-11 00:00:00,29450.896746820315,29655.94185463456,27321.66378378676,28707.110870609267,708270464521,6544568,8380,28347.685099473045,27851.916268289573
2020-05-12 00:00:00,27454.293219630385,27825.655639992536,27271.79511590956,27308.4008402024,247777684075,2406776,1852,28707.110870609267,27271.79511590956
2020-05-13 00:00:00,25995.36942535051,28673.688252776672,25995.36942535051,28084.81355763098,912678387870,8620193,5763,27308.4008402024,27586.92265547401
2020-05-16 00:00:00,28091.179770551476,28117.44039884851,26680.79834979036,27073.91199763087,230388142291,2257255,2240,28084.81355763098,26680.79834979036
2020-05-17 00:00:00,25720.29597541083,28427.528019850903,25720.29597541083,27200.705738297373,540348338267,5269434,5266,27073.91199763087,28382.69927053576
2020-05-18 00:00:00,28560.687973437904,28560.687973437904,28117.44039884851,28549.281841955355,259511395985,2411185,2220,27200.705738297373,28560.687973437904
2020-05-19 00:00:00,29976.63983050445,29976.63983050445,29976.63983050445,29976.63983050445,141193557609,1249401,1181,28549.281841955355,29976.63983050445
2020-05-20 00:00:00,31475.35245553741,31475.35245553741,29976.63983050445,31087.278726258963,890525086368,7598621,6877,29976.63983050445,30716.97734138356
2020-05-23 00:00:00,29533.126997043364,30504.77024403376,29533.126997043364,29615.357247266413,152299554506,1364120,1779,31087.278726258963,29533.126997043364
2020-05-26 00:00:00,28623.176304162316,29783.351216602987,28373.057894401645,28600.170760590743,202579000000,1894783,1828,29615.35724726641,28373.057894401645
2020-05-27 00:00:00,27170.349476985622,29654.68067639456,27170.349476985622,28091.90875145141,304980487852,2904175,3891,28600.170760590743,28422.546563712574
2020-05-30 00:00:00,28161.19222873205,29157.911287989376,26714.799326583805,28527.13739058498,408968195678,3834969,4229,28091.90875145141,28071.84596845509
2020-05-31 00:00:00,28527.13739058498,29953.4675097369,27104.284820485755,28648.584103656056,735110658579,6864013,6070,28527.13739058498,29953.4675097369
2020-06-01 00:00:00,29960.42260784229,30080.79930582023,29214.354584152363,30042.27876246729,256983009606,2288233,1408,28648.584103656056,30080.79930582023
2020-06-02 00:00:00,31544.31244945867,31544.31244945867,31544.31244945867,31341.277085535883,97117966785,823585,753,30042.27876246729,31544.31244945867
2020-06-06 00:00:00,32908.31418943535,32908.31418943535,32908.31418943535,32385.879320211097,69987554240,568912,633,31341.277085535883,32908.31418943535
2020-06-07 00:00:00,34005.07965990101,34005.07965990101,34005.07965990101,34005.07965990101,110034055040,865592,471,32385.879320211097,34005.07965990101
2020-06-08 00:00:00,35705.333642896054,35705.333642896054,34005.07965990101,35499.890745013705,1023875345020,7715273,4942,34005.07965990101,35576.6643279463
2020-06-09 00:00:00,35444.24996017057,36968.75396411783,33729.0157658716,34867.5118249696,425065799513,3261107,4491,35499.890745013705,34373.96736326006
2020-06-10 00:00:00,34775.4905269598,36610.83391546343,34668.48901764608,36370.883030827405,323657924662,2380463,1831,34867.5118249696,36610.83391546343
2020-06-13 00:00:00,38188.83867406755,38188.83867406755,38188.83867406755,38031.01144782981,95844923960,671371,518,36370.883030827405,38188.83867406755
2020-06-14 00:00:00,39930.28823814839,39930.28823814839,39189.30278615086,39919.58808721701,1724608102540,11556970,10911,38031.01144782981,39930.28823814839
2020-06-15 00:00:00,41703.83825502334,41703.83825502334,38921.79901286655,40331.54389807485,870738274200,5775241,10376,39919.58808721701,40125.56599264593
2020-06-16 00:00:00,41008.32844448414,41008.32844448414,38921.79901286655,40248.61772835671,444067330760,2951396,7290,40331.54389807485,40328.868860342
2020-06-20 00:00:00,40446.5705205871,42257.57106572185,39713.6101817881,41369.45853841795,563998145220,3646998,6505,40248.61772835671,41837.59014166549
2020-06-21 00:00:00,42533.09995220469,43434.5876681728,41463.08485906746,42270.94625438607,230724362460,1460074,2178,41369.45853841795,43434.5876681728
2020-06-24 00:00:00,44384.22606333208,44384.22606333208,44384.22606333208,44384.22606333208,182560448640,1100292,1054,42270.94625438607,44384.22606333208
2020-06-27 00:00:00,46601.83234385898,46601.83234385898,46601.83234385898,46601.83234385898,482335923840,2768704,1638,44384.22606333208,46601.83234385898
2020-06-28 00:00:00,48931.79020916529,48931.79020916529,45269.663552903134,48538.55966243736,1168506428920,6439758,6784,46601.83234385898,48150.67919117511
2020-06-29 00:00:00,48150.67919117511,50825.716924018176,46112.3004387487,48295.13122874864,594391107590,3292325,6903,48538.55966243736,50429.81133955741
2020-06-30 00:00:00,50708.01526377308,50708.01526377308,50697.31511284171,50708.01526377308,224958613910,1186742,1890,48295.13122874864,50708.01526377308
2020-07-01 00:00:00,53241.27599677546,53241.27599677546,53072.74861960635,53238.60095904262,834095817260,4190946,5014,50708.01526377308,53241.27599677546
2020-07-04 00:00:00,55854.787861763136,55854.787861763136,50576.93841486377,53241.27599677546,818043045900,4110191,10985,53238.60095904262,52826.64514818478
2020-07-05 00:00:00,54276.515599385726,55902.93854095431,50823.04188628533,54027.73709023132,1044194720330,5170123,10950,53241.27599677546,55902.93854095431
2020-07-11 00:00:00,53445.15952198223,53445.15952198223,50774.30873807696,51432.87468479332,492516932810,2695049,7117,54027.73709023133,52431.98114241858
2020-07-12 00:00:00,53189.05054270364,53191.86492709132,48970.28834557613,51300.59861857251,836971228060,4591767,10958,51432.87468479332,49308.01447209735
2020-07-13 00:00:00,49338.9727003618,49533.16522311149,48736.69444139896,48868.97050761977,1020004703750,5874322,7852,51300.59861857251,48736.69444139896
2020-07-14 00:00:00,47000.21927420238,48595.97522201512,46426.08485911632,46808.84113584036,1236961253160,7437071,11140,48868.97050761977,46426.08485911632
2020-07-15 00:00:00,45066.737199868425,49147.59456199977,44472.902094068624,47458.9639293937,639123699200,3790069,9286,46808.84113584036,48125.9730292731
2020-07-18 00:00:00,49111.007564959975,49831.48996820524,47366.08924460036,49248.91239995613,400401302680,2288152,6800,47458.9639293937,49786.4598180024
2020-07-19 00:00:00,51615.80966999232,51708.68435478565,51145.807477250295,51621.43843876767,392976947440,2142530,2428,49248.91239995613,51708.68435478565
2020-07-20 00:00:00,54176.899462778194,54202.22892226728,51871.918649270905,53602.765047692126,806426578050,4234112,7913,51621.43843876767,52263.118079157975
2020-07-21 00:00:00,50923.47111062383,53473.303365859,50923.47111062383,51314.6705405109,524096811270,2874373,5640,53602.765047692126,50923.47111062383
2020-07-22 00:00:00,49533.16522311149,51925.39195263676,48750.76636333735,49769.57351167634,541802950710,3063838,5044,51314.6705405109,51418.80276285494
2020-07-25 00:00:00,52257.48931038263,52257.48931038263,51278.083543471104,52212.4591601798,302667183930,1631427,4782,49769.57351167634,51587.665826115546
2020-07-26 00:00:00,53414.201293717786,53414.201293717786,49603.52483280341,50746.16489420019,336975922140,1868863,4422,52212.4591601798,49606.33921719109
2020-07-27 00:00:00,48424.29777436684,50518.19975879837,48210.4045609034,48539.68753426158,490546865440,2844267,5716,50746.16489420019,49789.27420239008
2020-07-28 00:00:00,50909.39918868544,50909.39918868544,46113.68819208419,48885.85681394583,289841126440,1668642,4750,48539.68753426158,47422.3769323539
2020-07-29 00:00:00,47000.21927420238,48407.41146804078,46580.87600043854,47306.98717245915,315367660220,1876176,5043,48885.85681394583,48134.41618243613
2020-08-01 00:00:00,47869.86404999451,49671.07005810765,47867.04966560684,49156.037715162805,320030384140,1832306,4424,47306.98717245915,49671.07005810765
2020-08-02 00:00:00,51612.99528560464,51612.99528560464,46699.08014472097,51112.03486459817,303887566030,1673282,4158,49156.037715162805,50827.78204144281
2020-08-03 00:00:00,51503.23429448524,51503.23429448524,49673.884442495335,50560.41552461352,149284780190,830961,3183,51112.03486459817,49823.0468150422
2020-08-04 00:00:00,49322.08639403573,50518.19975879837,49223.58294046704,49400.88915689069,337330498600,1921742,5142,50560.41552461352,49257.35555311917
2020-08-05 00:00:00,50349.33669553776,50349.33669553776,47844.53459050542,48565.01699375068,312860686360,1813020,5047,49400.88915689069,49505.02137923473
2020-08-09 00:00:00,50087.59894748382,50988.2019515404,48095.014801008656,49848.37627453129,446531572580,2520999,6022,48565.01699375068,50630.77513430544
2020-08-10 00:00:00,51897.24810876,51897.24810876,47357.64609143733,48787.35336037714,466390739330,2690384,4938,49848.37627453129,48131.60179804845
2020-08-11 00:00:00,46935.48843328581,48407.41146804078,46350.096480649045,46578.06161605087,281714969870,1702204,3860,48787.35336037714,46352.91086503672
2020-08-12 00:00:00,48125.9730292731,48125.9730292731,44250.56572744216,44858.47275518034,377196301100,2366429,3998,46578.06161605087,44762.78368599933
2020-08-15 00:00:00,45030.15020282863,45311.58864159631,42618.22278258962,42834.93038044073,238420639450,1566502,3054,44858.47275518034,42623.851551364976
2020-08-16 00:00:00,41258.875123341735,42834.93038044073,40693.1838614187,40954.92160947264,323059670450,2220017,3978,42834.93038044073,40811.38800570112
2020-08-17 00:00:00,40811.38800570112,43000.979059313664,40811.38800570112,42874.33176186821,893185954290,5862932,3333,40954.92160947264,43000.979059313664
2020-08-18 00:00:00,45016.07828089024,45016.07828089024,44973.862515075096,45016.07828089024,436872919630,2731315,1737,42874.33176186821,45016.07828089024
2020-08-19 00:00:00,46155.90395789935,46155.90395789935,42767.38515513649,43307.74695757043,296849712980,1929118,4032,45016.07828089024,42767.38515513649
2020-08-22 00:00:00,43622.95800899024,45472.008551693885,41371.4504988488,42846.18791799144,243281061780,1598033,3147,43307.74695757043,42252.35281219164
2020-08-23 00:00:00,42212.951430764166,42212.951430764166,40704.44139896941,40867.67569345466,170020653080,1170869,1317,42846.18791799144,40704.44139896941
2020-08-24 00:00:00,39485.81295910535,42103.19043964477,38824.43262800131,38883.53470014252,791807131710,5731025,3202,40867.67569345466,38824.43262800131
2020-08-25 00:00:00,40498.991338669,40825.45992763951,39491.44172788071,40698.81263019405,94456640980,653177,834,38883.53470014252,40825.45992763951
2020-08-26 00:00:00,42733.61254248437,42733.61254248437,42733.61254248437,42733.61254248437,163483091200,1076680,510,40698.81263019405,42733.61254248437
2020-08-31 00:00:00,44869.73029273105,44869.73029273105,43462.538098892655,44757.15491722398,978628978140,6153869,4919,42733.61254248437,44776.85560793772
2020-09-01 00:00:00,44866.91590834338,44866.91590834338,42637.92347330336,43617.32924021488,282162941230,1820638,2989,44757.15491722398,43507.568249095486
2020-09-02 00:00:00,42218.58019953952,45795.66275627672,41438.99572415304,42975.649599824574,481194813910,3151314,3621,43617.32924021488,44706.4959982458
2020-09-05 00:00:00,45123.02488762196,45123.02488762196,45055.47966231772,45120.21050323429,298038479320,1859025,1983,42975.649599824574,45123.02488762196
2020-09-06 00:00:00,47374.5323977634,47374.5323977634,45120.21050323429,47014.291196140766,623678687050,3733510,5121,45120.21050323429,47155.01041552461
2020-09-07 00:00:00,47160.63918429996,48826.754741804616,44664.28023243065,45958.89705076197,960454344840,5881390,4542,47014.291196140766,45874.46551913166
2020-09-08 00:00:00,43831.22245367832,46015.18473851551,43662.35939041771,44067.63074224317,552377859130,3527700,2139,45958.89705076197,43662.35939041771
2020-09-09 00:00:00,42497.20425391952,46268.479333406416,42497.20425391952,45851.950444030255,563201783380,3456897,3667,44067.63074224317,46268.479333406416
2020-09-12 00:00:00,48142.85933559916,48142.85933559916,47703.81537112158,48142.85933559916,622448136450,3638845,2919,45851.950444030255,48142.85933559916
2020-09-13 00:00:00,48624.119065891886,50374.666155026855,46440.1567810547,48615.67591272886,610506718820,3534177,5079,48142.85933559916,49248.91239995613
2020-09-14 00:00:00,48125.9730292731,51044.489639293926,48125.9730292731,50898.141651134734,1093512679640,6046541,5348,48615.67591272886,51044.489639293926
2020-09-15 00:00:00,52910.42648832364,53442.34513759455,52403.83729854182,53352.2848371889,577853824200,3048187,3140,50898.141651134734,53442.34513759455
2020-09-16 00:00:00,56000.62054599275,56017.50685231882,52347.54961078828,54455.5235171582,1046149921490,5406759,8669,53352.2848371889,53853.24525819536
2020-09-19 00:00:00,54036.18024339435,56175.11237802872,52094.25501589737,54402.05021379234,680551018660,3520618,7218,54455.5235171582,53839.17333625698
2020-09-20 00:00:00,52628.98804955596,53639.35204473193,51683.35489529656,51990.12279355333,268959903710,1455952,2461,54402.05021379234,51683.35489529656
2020-09-21 00:00:00,49395.260388115326,51221.795855717566,49392.44600372765,49493.76384168402,417136056110,2372002,2307,51990.12279355333,51137.36432408726
2020-09-22 00:00:00,51953.53579651353,51953.53579651353,49533.16522311149,50692.69159083433,526695749270,2924172,4484,49493.76384168402,50912.21357307312
2020-09-23 00:00:00,51109.2204802105,53225.63753974344,51109.2204802105,52415.094836092525,514801186510,2764252,3859,50692.69159083433,52291.26192303475
2020-09-26 00:00:00,52319.40576691151,54036.18024339435,50658.918978182206,52175.87216314,240155824420,1295402,3088,52415.094836092525,52415.094836092525
2020-09-27 00:00:00,50940.35741694989,50940.35741694989,49569.75222015129,49710.47143953513,135894121360,769386,1154,52175.87216314,49569.75222015129
2020-09-28 00:00:00,47225.37002521652,47816.39074662865,47225.37002521652,47225.37002521652,424459267630,2529512,1803,49710.47143953513,47225.37002521652
2020-09-29 00:00:00,45874.46551913166,49496.578226071695,45874.46551913166,47740.402368161376,337411657370,1989099,3292,47225.37002521652,48407.41146804078
2020-09-30 00:00:00,50022.86810656726,50022.86810656726,48365.195702225625,48863.341738844414,347964848170,2004209,2740,47740.402368161376,49192.6247122026
2020-10-03 00:00:00,49133.52264006139,51306.22738734787,49133.52264006139,51142.99309286261,469265013060,2582392,3458,48863.341738844414,51306.22738734787
2020-10-04 00:00:00,51390.65891897817,51390.65891897817,48587.53206885209,49133.52264006139,316894873760,1815137,2922,51142.99309286261,48587.53206885209
2020-10-05 00:00:00,47281.65771297006,48438.36969630522,46679.37945400723,47143.7528779739,201818531370,1204797,2697,49133.52264006139,47281.65771297006
2020-10-06 00:00:00,46245.964258305,49445.91930709352,46245.964258305,48095.014801008656,180527913810,1056398,1982,47143.7528779739,48632.56221905492
2020-10-07 00:00:00,48804.2396667032,49350.2302379125,47281.65771297006,48306.09363008441,160900283530,937427,2731,48095.014801008656,47903.63666264663
2020-10-10 00:00:00,47337.9454007236,48548.130687424615,46912.973358184405,47830.46266856704,194586874080,1144933,2429,48306.09363008441,48154.11687314986
2020-10-11 00:00:00,48072.49972590724,50031.31125973028,48072.49972590724,49139.15140883674,277518077470,1589467,2739,47830.46266856704,48249.80594233087
2020-10-12 00:00:00,48210.4045609034,49448.73369148119,47425.19131674158,48277.949786207646,238968189680,1393074,2391,49139.15140883674,47644.713298980365
2020-10-13 00:00:00,47844.53459050542,49533.16522311149,47228.18440960421,48438.36969630522,159909922640,929108,1561,48277.949786207646,49533.16522311149
2020-10-14 00:00:00,48466.51354018199,49251.72678434382,47000.21927420238,48615.67591272886,258330332600,1495451,2340,48438.36969630522,49108.1931805723
2020-10-18 00:00:00,48663.520447319366,48666.33483170704,46313.50948360925,47005.84804297773,165013925840,987963,2189,48615.67591272886,46445.785549830056
2020-10-19 00:00:00,44664.28023243065,46431.71362789167,44655.837079267614,44726.196688959535,104317834860,656427,1436,47005.84804297773,44655.837079267614
2020-10-20 00:00:00,42491.57548514417,46960.81789277491,42491.57548514417,44419.42879070277,600571200480,3805185,2675,44726.196688959535,46960.81789277491
2020-10-21 00:00:00,46639.97807257976,46639.97807257976,46158.71834228702,46637.16368819208,931272203570,5619747,3595,44419.42879070277,46639.97807257976
2020-10-24 00:00:00,47278.84332858239,47760.10305887512,44467.27332529328,46023.62789167854,573787246510,3508776,4259,46637.16368819208,46155.90395789935
2020-10-26 00:00:00,45593.02708036399,46023.62789167854,43724.2758469466,44382.84179366297,579947151760,3677419,4154,46023.62789167854,45002.00635895186
2020-10-27 00:00:00,44399.72809998903,45590.21269597631,42215.76581515184,42986.90713737528,368239772280,2410909,3290,44382.84179366297,43341.51957022256
2020-10-28 00:00:00,43335.8908014472,45134.28242517267,42257.98158096699,44655.837079267614,676945891480,4266285,5566,42986.90713737528,45134.28242517267
2020-10-31 00:00:00,45030.15020282863,46887.64389869531,44889.43098344479,46594.94792237692,425908240140,2572530,3634,44655.837079267614,46887.64389869531
2020-11-01 00:00:00,46887.64389869531,48289.20732375835,45114.58173445893,47022.7343493038,486637532050,2912565,4555,46594.94792237692,46721.59521982238
2020-11-02 00:00:00,47701.0009867339,49372.74531301392,46727.22398859773,48928.072579760985,757033550600,4354552,5960,47022.7343493038,49372.74531301392
2020-11-04 00:00:00,51373.77261265212,51373.77261265212,49814.60366187917,51370.95822826443,439651771850,2408683,2687,48928.072579760985,51373.77261265212
2020-11-07 00:00:00,48804.2396667032,48804.2396667032,48804.2396667032,48804.2396667032,98954162170,570637,463,51370.95822826443,48804.2396667032
2020-11-08 00:00:00,46364.16840258743,46364.16840258743,46364.16840258743,46364.16840258743,109139261560,662494,756,48804.2396667032,46364.16840258743
2020-11-09 00:00:00,44047.93005152943,46710.33768227168,44047.93005152943,44804.99945181449,949823539030,5966106,5245,46364.16840258743,46437.34239666702
2020-11-10 00:00:00,46437.34239666702,47045.249424405214,45595.84146475166,46918.60212695976,725934717890,4354447,4605,44804.99945181449,47045.249424405214
2020-11-11 00:00:00,49262.98432189452,49262.98432189452,47565.91053612542,49099.75002740927,903039656260,5176238,6738,46918.60212695976,49262.98432189452
2020-11-14 00:00:00,50940.35741694989,51553.89321346343,49564.123451375934,51486.34798815919,370390047510,2024616,2173,49099.75002740927,51553.89321346343
2020-11-15 00:00:00,54058.69531849577,54058.69531849577,50096.04210064685,52589.58666812848,1067241092760,5711414,9672,51486.34798815919,50678.619668895946
2020-11-16 00:00:00,50377.48053941453,53867.31718013375,50096.04210064685,52212.4591601798,715312648570,3855689,7130,52589.58666812848,51840.96042100646
2020-11-17 00:00:00,52347.54961078828,54599.05712092971,52218.08792895515,53568.99243504001,575221021390,3021996,6747,52212.4591601798,54089.653546760215
2020-11-18 00:00:00,54874.86679092204,55443.37243723275,53473.303365859,54613.129042868095,645337329140,3325561,7170,53568.99243504001,54827.02225633153
2020-11-21 00:00:00,55161.93399846507,55161.93399846507,51883.17618682161,52538.9277491503,752990174600,4033621,7306,54613.129042868095,51883.17618682161
2020-11-22 00:00:00,50293.04900778423,53189.05054270364,49913.107115447856,51280.89792785878,495193748860,2717729,4899,52538.9277491503,51081.07663633373
2020-11-23 00:00:00,52063.29678763293,52963.899791689495,51103.59171143514,51883.17618682161,402284968150,2182147,4710,51280.89792785878,51840.96042100646
2020-11-24 00:00:00,51885.99057120929,52063.29678763293,49291.12816577129,49868.07696524503,775660313220,4377458,6901,51883.17618682161,50940.35741694989
2020-11-25 00:00:00,50492.87029930928,51221.795855717566,50014.42495340423,50836.225194605846,780672037720,4321860,8518,49868.07696524503,50909.39918868544
2020-12-13 00:00:00,56569.12619230348,59397.582501918645,55437.743668457406,58105.780067975,2154615486380,31308385,19752,50836.22519460585,58882.5501589738
2020-12-16 00:00:00,59532.67295252713,62302.02719000109,59532.67295252713,60689.38493586229,622160503740,8655433,5606,58105.780067975,60452.97664729744
2020-12-19 00:00:00,62302.02719000109,62302.02719000109,58882.5501589738,61027.11106238351,1056959720880,14622702,13956,60689.38493586229,60875.13430544896
2020-12-20 00:00:00,61027.11106238351,61027.11106238351,58637.69871724591,59363.80988926652,672468197690,9564905,9035,61027.11106238351,59017.64060958228
2020-12-21 00:00:00,58933.20907795198,60790.70277381866,57565.418265541055,59017.64060958228,408142550820,5838912,6521,59363.80988926652,58384.404122355
2020-12-22 00:00:00,58004.46223001864,60064.59160179805,57666.736103497424,58798.11862734349,408537657530,5866657,6793,59017.64060958228,58147.99583379016
2020-12-23 00:00:00,58257.75682490955,58696.800789387125,56830.86394035741,57506.31619339984,413761084030,6074964,7341,58798.11862734349,57666.736103497424
2020-12-26 00:00:00,57666.736103497424,59693.09286262471,56560.68303914045,58156.43898695318,799211524920,11603273,10785,57506.31619339984,58257.75682490955
2020-12-27 00:00:00,60267.22727771077,61060.88367503563,59102.072141212586,60908.906918101085,870878896590,12071474,8039,58156.43898695318,61060.88367503563
2020-12-28 00:00:00,63830.23791250959,63948.44205679202,61727.89277491503,63450.29602017322,1191497016840,15854037,15966,60908.906918101085,62648.19646968534
2020-12-29 00:00:00,62648.19646968534,62648.19646968534,60284.11358403684,60672.49862953623,735330332480,10232681,10186,63450.29602017322,60790.70277381866
2020-12-30 00:00:00,60790.70277381866,61212.86043197018,58173.325293279246,59608.66133099441,414446114900,5870601,6202,60672.49862953623,59448.241420896826
2021-01-02 00:00:00,57920.030698388335,59439.7982677338,56628.22826444468,57067.272228922266,563413074850,8335507,7778,59608.66133099441,56628.22826444468
2021-01-03 00:00:00,55733.254029163465,59912.6148448635,55733.254029163465,59718.4223221138,1046257863360,14791720,8815,57067.272228922266,59912.6148448635
2021-01-04 00:00:00,61212.86043197018,62496.21971275079,59912.6148448635,61457.711873698056,523715328650,7194539,8819,59718.4223221138,60790.70277381866
2021-01-05 00:00:00,61381.723495230784,61381.723495230784,58392.847275518034,58975.42484376713,415290074780,5945437,7603,61457.711873698056,58392.847275518034
2021-01-06 00:00:00,56991.283850455,59270.93520447319,56070.98015568468,57177.03322004166,586587134290,8662339,8532,58975.42484376713,58215.5410590944
2021-01-09 00:00:00,57413.44150860651,59270.93520447319,56366.490516390746,57464.10042758469,352009245610,5172057,6055,57177.03322004166,57996.019076855606
2021-01-10 00:00:00,58274.64313123561,59667.76340313562,57202.36267953075,57962.24646420348,304529649350,4435840,5120,57464.10042758469,57582.30457186712
2021-01-11 00:00:00,57616.07718451924,59085.18583488652,56062.53700252165,57067.272228922266,288513918200,4268653,5452,57962.24646420348,56315.831597412565
2021-01-12 00:00:00,56028.76438986953,56889.96601249863,54221.92961298103,54466.78105470891,195294050480,3027450,3139,57067.272228922266,54221.92961298103
2021-01-13 00:00:00,51748.085736213136,53191.86492709132,51748.085736213136,51857.84672733253,527711167750,8591414,6300,54466.78105470891,51748.085736213136
2021-01-16 00:00:00,49265.79870628221,49814.60366187918,49265.79870628221,49274.24185944523,105459205200,1807081,1420,51857.84672733253,49265.79870628221
2021-01-18 00:00:00,46817.28428900339,46817.28428900339,46817.28428900339,48151.302488762194,41144731750,742015,537,49274.24185944523,46817.28428900339
2021-01-19 00:00:00,45745.00383729854,49797.71735555312,45745.00383729854,46639.97807257976,1023858083140,18534688,10558,48151.302488762194,46420.45609034097
2021-01-20 00:00:00,45685.90176515733,48970.28834557614,45685.90176515733,48362.38131783796,431261867300,7528854,5083,46639.97807257976,48970.28834557614
2021-01-23 00:00:00,50777.12312246464,50777.12312246464,50042.568797281,50768.67996930161,177806597470,2957258,1771,48362.38131783796,50777.12312246464
2021-01-24 00:00:00,53301.62591821072,53301.62591821072,48235.7340203925,50591.373752877975,685612592750,11442029,8637,50768.67996930161,48649.44852538098
2021-01-25 00:00:00,48556.573840587655,50557.60114022585,48066.87095713189,48691.66429119614,508215173920,8812634,6193,50591.373752877975,48100.64356978401
2021-01-26 00:00:00,47822.01951540401,49375.5596974016,46260.03618024339,46876.38636114461,209977123370,3782149,3421,48691.66429119614,46260.03618024339
2021-01-27 00:00:00,45593.027080364,47703.81537112159,44537.6329349852,45795.66275627672,362786990600,6688394,4582,46876.38636114461,46504.88762197128
2021-01-30 00:00:00,47762.9174432628,48083.75726345796,46715.96645104703,47982.43942550159,261194867280,4595718,3175,45795.66275627672,48083.75726345796
2021-01-31 00:00:00,49308.01447209736,49308.01447209736,46251.593027080366,47180.339875013706,229923501430,4114413,3984,47982.43942550159,46479.55816248218
2021-02-01 00:00:00,46015.18473851551,48294.83609253371,45913.86690055914,46800.397982677336,208062296990,3753334,3536,47180.339875013706,46260.03618024339
2021-02-02 00:00:00,46437.34239666703,47205.6693345028,44681.16653875671,45922.310053722176,140088901580,2575459,2716,46800.397982677336,46606.20545992764
2021-02-03 00:00:00,46834.17059532946,47281.65771297007,43634.21554654095,44166.13419581186,274624997940,5249727,4138,45922.310053722176,43634.21554654095
2021-02-06 00:00:00,43608.886087051855,43904.39644775792,41962.47122026094,42224.20896831487,198668191500,3972832,1759,44166.13419581186,41962.47122026094
2021-02-07 00:00:00,42241.09527464094,44334.99725907247,42241.09527464094,43946.61221357307,139083805370,2671951,1460,42224.20896831487,44334.99725907247
2021-02-08 00:00:00,44394.09933121368,45584.58392720096,42730.798158096695,44292.78149325732,260570295080,4967467,3639,43946.61221357307,44259.00888060519
2021-02-09 00:00:00,44292.78149325732,46015.18473851551,43017.86536563973,44942.904286810655,199247818720,3742942,3283,44292.78149325732,44917.574827321565
2021-02-13 00:00:00,46488.00131564521,47636.27014581734,46268.47933340642,47442.07762306764,223773683300,3982252,2398,44942.904286810655,47636.27014581734
2021-02-14 00:00:00,49223.58294046705,49223.58294046705,46496.44446880824,47450.52077623068,275594204690,4903762,3640,47442.07762306764,46606.20545992764
2021-02-15 00:00:00,46504.88762197128,48007.76888499068,46504.88762197128,46741.29591053612,122700454000,2216406,2088,47450.52077623068,46504.88762197128
2021-02-16 00:00:00,47104.35149654643,47112.79464970946,45812.54906260278,45846.321675254905,109360442170,2014022,1151,46741.29591053612,45820.992215765815
2021-02-17 00:00:00,45593.027080364,46943.93158644885,44934.46113364762,45111.76735007126,141445786550,2647276,2263,45846.321675254905,44942.904286810655
2021-02-20 00:00:00,44259.00888060519,45331.28933231005,44216.793114790045,44233.6794211161,114801359870,2191298,1763,45111.76735007126,44216.793114790045
2021-02-21 00:00:00,43355.591492160944,43380.920951650034,43355.591492160944,43836.85122245368,43814292610,853217,773,44233.6794211161,43355.591492160944
2021-02-22 00:00:00,42967.20644666155,42967.20644666155,42967.20644666155,43541.340861747616,32081361340,630406,547,43836.85122245368,42967.20644666155
2021-02-23 00:00:00,42671.69608595548,44326.55410590944,42671.69608595548,43195.17158206337,164652980660,3218676,3101,43541.340861747616,44242.122574279136
2021-02-24 00:00:00,44630.50761977853,44630.50761977853,42342.4131125973,43203.6147352264,109834874550,2146486,2621,43195.17158206337,42933.43383400943
2021-02-27 00:00:00,42713.91185177064,42806.78653656397,42342.4131125973,42359.299418923365,144605399420,2882468,2301,43203.6147352264,42342.4131125973
2021-02-28 00:00:00,41523.42725578336,42342.4131125973,41514.98410262033,41590.9724810876,90838488770,1846089,1532,42359.299418923365,41514.98410262033
2021-03-01 00:00:00,40797.31608376274,42215.76581515185,40797.31608376274,41650.07455322881,127914466920,2592956,2614,41590.9724810876,41776.721850674265
2021-03-02 00:00:00,41785.1650038373,43693.31761868216,41785.1650038373,42426.8446442276,89140517890,1770622,1967,41650.07455322881,42756.127617585786
2021-03-03 00:00:00,43060.081131454885,43651.10185286701,41776.721850674265,42198.87950882578,64798442740,1299909,1929,42426.8446442276,41979.357526587
2021-03-06 00:00:00,41709.176625370026,42384.628878412455,41472.76833680517,41954.02806709791,132913249620,2674800,2154,42198.87950882578,42089.11851770639
2021-03-07 00:00:00,41970.91437342396,43684.87446551913,41970.91437342396,42840.55914921609,108836138490,2145098,2248,41954.02806709791,43651.10185286701
2021-03-08 00:00:00,43803.07860980155,45407.27771077732,43794.63545663853,45145.539962723386,224508688590,4198913,3035,42840.55914921609,45407.27771077732
2021-03-09 00:00:00,46428.899243504,47847.3489748931,45593.027080364,47281.65771297007,290357725110,5185237,4503,45145.539962723386,46606.20545992764
2021-03-10 00:00:00,47197.22618133976,47754.474290099766,46336.02455871067,46918.60212695976,181573551160,3267615,2747,47281.65771297007,47619.38383949128
2021-03-13 00:00:00,46192.49095493915,49730.17213024887,46192.49095493915,49198.25348097796,317721525280,5452573,3207,46918.60212695976,49730.17213024887
2021-03-14 00:00:00,50625.14636553009,52009.82348426707,49671.07005810766,51021.97456419252,272978260570,4517021,4478,49198.25348097796,51072.63348317071
2021-03-15 00:00:00,50321.192851661,53782.88564850345,50321.192851661,52440.42429558162,231823044900,3732285,3954,51021.97456419252,53402.943756167086
2021-03-16 00:00:00,52963.8997916895,55581.27727222892,52896.354566385264,55311.09637101195,476882073260,7279488,3790,52440.42429558162,55581.27727222892
2021-03-17 00:00:00,56737.98925556408,56737.98925556408,54205.04330665497,54711.63249643679,389519590140,6011335,5128,55311.09637101195,54314.80429777437
2021-03-27 00:00:00,54036.18024339436,55260.437452033766,53622.465738405874,54297.9179914483,191871379180,2983682,2749,54711.63249643679,54458.33790154588
2021-03-28 00:00:00,54221.92961298103,54880.4955596974,53217.19438658041,53394.50060300405,168299439970,2661376,2271,54297.9179914483,53217.19438658041
2021-03-30 00:00:00,52330.66330446223,54880.4955596974,52330.66330446223,53723.78357636224,110866200210,1742270,2192,53394.50060300405,53445.15952198224
2021-03-31 00:00:00,53191.86492709132,54323.24745093739,52769.707268939805,53487.37528779739,72668932680,1148947,1741,53723.78357636224,53234.08069290648
2021-04-03 00:00:00,53191.86492709132,53191.86492709132,52423.537989255565,52431.98114241859,164775503540,2653403,1364,53487.37528779739,52423.537989255565
2021-04-04 00:00:00,51385.03015020282,52178.68654752768,51385.03015020282,51401.91645652889,185177514640,3041738,1094,52431.98114241859,51385.03015020282
2021-04-05 00:00:00,50380.29492380221,51376.5869970398,50380.29492380221,50532.27168073676,209282991650,3497027,2403,51401.91645652889,51038.86087051858
2021-04-06 00:00:00,51081.07663633373,51840.960421006464,49941.25095932464,50667.362131345246,99834601270,1663668,1759,50532.27168073676,50101.67086942221
2021-04-07 00:00:00,49662.62690494464,51173.95132112707,49654.1837517816,49713.285823922815,141681138760,2406359,1664,50667.362131345246,49654.1837517816
2021-04-10 00:00:00,48725.43690384826,49645.74059861857,48725.43690384826,48725.43690384826,183276093520,3175579,1344,49713.285823922815,48725.43690384826
2021-04-11 00:00:00,47889.56474070825,48548.13068742462,47754.474290099766,47957.1099660125,130002864140,2288687,1669,48725.43690384826,47889.56474070825
2021-04-12 00:00:00,47712.25852428462,50827.78204144282,47391.41870408946,50067.89825677009,246099036670,4149960,2704,47957.1099660125,50827.78204144282
2021-04-13 00:00:00,52347.54961078829,53065.21762964587,51570.779519789496,52896.354566385264,436446348500,6966964,4500,50067.89825677009,53065.21762964587
2021-04-14 00:00:00,53411.38690933012,54720.07564959982,51925.39195263677,53174.97862076527,268742444200,4267276,3820,52896.354566385264,52364.43591711435
2021-04-17 00:00:00,52119.58447538647,52263.11807915798,52119.58447538647,52161.80024120162,94405674860,1529294,919,53174.97862076527,52119.58447538647
2021-04-18 00:00:00,51123.29240214889,51216.167086942216,51123.29240214889,51123.29240214889,116492940560,1923893,849,52161.80024120162,51123.29240214889
2021-04-19 00:00:00,50101.67086942221,52330.66330446223,50101.67086942221,51005.08825786646,183788603870,3042219,2277,51123.29240214889,51249.93969959434
2021-04-20 00:00:00,50667.362131345246,52220.90231334284,50017.23933779191,51047.30402368161,156210767340,2583624,2332,51005.08825786646,50405.6243832913
2021-04-21 00:00:00,49983.46672513978,51503.23429448525,49603.52483280342,50160.772941563424,73845533030,1248907,1421,51047.30402368161,49823.04681504221
2021-04-24 00:00:00,49561.309066988266,50397.18123012827,48657.891678544016,48885.85681394584,109570864230,1892556,1799,50160.772941563424,48691.66429119614
2021-04-25 00:00:00,47425.191316741584,48294.83609253371,47425.191316741584,47543.39546102401,216894449800,3851452,1914,48885.85681394584,47425.191316741584
2021-04-26 00:00:00,47290.1008661331,50388.738076965245,47290.1008661331,50211.431860541605,548178918610,9217278,3933,47543.39546102401,50380.29492380221
2021-04-27 00:00:00,51030.41771735555,52018.2666374301,49544.42276066221,50768.67996930161,318873468350,5302977,4154,50211.431860541605,49932.8078061616
2021-04-28 00:00:00,49983.46672513978,51030.41771735555,49823.04681504221,50473.16960859555,116391340010,1946989,2154,50768.67996930161,50236.761320030695
2021-05-01 00:00:00,49721.72897708584,51224.61024010525,48961.84519241311,49215.13978730402,169411162760,2906333,1865,50473.16960859555,48970.28834557614
2021-05-02 00:00:00,49037.83357088039,49037.83357088039,47746.03113693674,47881.121587545225,108880684090,1920066,1852,49215.13978730402,47872.67843438219
2021-05-03 00:00:00,47045.249424405214,47872.67843438219,46867.94320798158,47442.07762306764,74138178690,1322591,1582,47881.121587545225,47661.59960530643
2021-05-05 00:00:00,46867.94320798158,49755.50158973796,46867.94320798158,48370.82447100098,100970800110,1762401,1884,47442.07762306764,48353.93816467493
2021-05-08 00:00:00,48472.14230895735,48970.28834557614,46927.0452801228,47433.63446990462,125594171390,2235396,2195,48370.82447100098,47543.39546102401
2021-05-09 00:00:00,46454.22870299309,46927.0452801228,46015.18473851551,46048.95735116764,169538161470,3108244,1702,47433.63446990462,46015.18473851551
2021-05-10 00:00:00,44757.15491722399,47999.32573182765,44757.15491722399,46791.9548295143,105628058790,1905960,1966,46048.95735116764,47957.1099660125
2021-05-11 00:00:00,47138.12410919855,49595.08167964039,47138.12410919855,49375.5596974016,196174436650,3354807,1959,46791.9548295143,49595.08167964039
2021-05-12 00:00:00,50658.91897818221,51334.37123122464,49502.20699484705,50093.22771625918,136304625000,2297546,2585,49375.5596974016,49797.71735555312
2021-05-15 00:00:00,49392.44600372766,51503.23429448525,49392.44600372766,50599.816906041,94330763060,1572984,1806,50093.22771625918,50405.6243832913
2021-05-16 00:00:00,51047.30402368161,51334.37123122464,49029.39041771735,50371.85177063918,110504146060,1852250,1910,50599.816906041,49603.52483280342
2021-05-17 00:00:00,49392.44600372766,51908.50564631071,49392.44600372766,51165.50816796404,149576615060,2468214,2256,50371.85177063918,50405.6243832913
2021-05-18 00:00:00,49814.60366187918,52060.48240324525,49814.60366187918,51266.8260059204,167269318670,2754814,2089,51165.50816796404,50633.58951869312
2021-05-19 00:00:00,49814.60366187918,51503.23429448525,49569.7522201513,50414.067536454335,78850126880,1326715,1367,51266.8260059204,49814.60366187918
2021-05-22 00:00:00,49147.59456199978,49409.33231005372,47898.00789387128,48125.973029273104,154963768000,2718774,1559,50414.067536454335,47898.00789387128
2021-05-23 00:00:00,46437.34239666703,48700.10744435917,46437.34239666703,47686.92906479553,76073005410,1349944,1560,48125.973029273104,47830.462668567045
2021-05-24 00:00:00,46420.45609034097,48294.83609253371,46420.45609034097,47661.59960530643,87834723220,1555899,1452,47686.92906479553,47636.27014581734
2021-05-25 00:00:00,48328.60870518584,50042.568797281,48328.60870518584,49763.944742901,292492091090,4962478,2626,47661.59960530643,50042.568797281
2021-05-26 00:00:00,50447.84014910646,51916.94879947374,49814.60366187918,50929.09987939919,293495005660,4865719,2995,49763.944742901,50895.32726674707
2021-05-29 00:00:00,50743.35050981252,53470.48898147133,50743.35050981252,53124.31970178709,300061215860,4769209,3536,50929.09987939919,53470.48898147133
2021-05-30 00:00:00,55724.81087600044,55724.81087600044,52440.42429558162,53757.55618901436,261146001540,4101659,3570,53124.31970178709,52904.797719548296
2021-05-31 00:00:00,52347.54961078829,53808.21510799254,51503.23429448525,52955.45663852648,170906001740,2724816,2037,53757.55618901436,53039.88817015678
2021-06-01 00:00:00,53183.4217739283,54205.04330665497,50667.362131345246,53014.55871066769,109249794820,1740043,1546,52955.45663852648,52752.82096261375
2021-06-02 00:00:00,53478.93213463436,55176.00592040346,53191.86492709132,54314.80429777437,181776151000,2825804,2300,53014.55871066769,54525.88312685012
2021-06-07 00:00:00,54534.32628001316,56290.50213792347,54534.32628001316,55674.15195702225,156396546340,2371965,2471,54314.80429777437,55885.230786098015
2021-06-08 00:00:00,55868.34447977195,56400.26312904287,53276.29645872163,54669.41673062164,164279317620,2537062,2884,55674.15195702225,53698.454116873145
2021-06-09 00:00:00,53588.69312575375,55302.653217848914,53588.69312575375,54407.6789825677,67985106350,1057478,1322,54669.41673062164,54027.73709023133
2021-06-12 00:00:00,53614.02258524284,55133.79015458831,53445.15952198224,54323.24745093739,398163353570,6188442,1506,54407.6789825677,54441.45159521982
2021-06-13 00:00:00,53580.249972590726,55978.10547089135,53580.249972590726,55007.142857142855,309027508130,4743494,2220,54323.24745093739,55302.653217848914
2021-06-14 00:00:00,55049.358622958,57751.16763512773,55040.91546979498,56957.51123780287,336976678440,4994987,3975,55007.142857142855,56315.831597412565
2021-06-15 00:00:00,56991.283850455,57835.59916675803,55724.81087600044,56822.42078719439,129420622620,1922941,2235,56957.51123780287,56678.88718342287
2021-06-16 00:00:00,59659.32024997259,59659.32024997259,59659.32024997259,59659.32024997259,215521125900,3050115,1152,56822.42078719439,59659.32024997259
2021-06-19 00:00:00,62639.75331652231,62639.75331652231,62639.75331652231,62639.75331652231,249199313460,3358934,702,59659.32024997259,62639.75331652231
2021-06-20 00:00:00,65763.71998684354,65763.71998684354,63745.80638087929,65451.32331981143,2301975475900,29694480,13596,62639.75331652231,65105.15404012718
2021-06-21 00:00:00,65265.57395022475,67435.46431312356,63830.23791250959,65890.367284289,706612825250,9054514,7218,65451.32331981143,65780.6062931696
2021-06-22 00:00:00,66109.8892665278,68389.54062054599,65434.43701348536,67224.3854840478,635540928830,7981745,6073,65890.367284289,67072.40872711326
2021-06-23 00:00:00,67967.38296239448,67967.38296239448,66278.7523297884,67241.27179037387,496744550810,6237230,5654,67224.3854840478,67460.79377261265
2021-06-26 00:00:00,67545.22530424295,69757.33143295691,66380.07016774477,68144.68917881811,662864587550,8213403,6457,67241.27179037387,67545.22530424295
2021-06-27 00:00:00,68305.10908891569,71505.06413770419,67291.93070935205,70272.36377590176,849400367400,10205676,7730,68144.68917881811,70956.25918210723
2021-06-28 00:00:00,72476.0267514527,72476.0267514527,70407.45422651025,71530.39359719328,545165888130,6434594,6329,70272.36377590176,71471.29152505207
2021-06-29 00:00:00,71344.64422760662,72214.28900339875,69444.93476592479,71015.36125424843,609179993030,7242642,7554,71530.39359719328,71505.06413770419
2021-06-30 00:00:00,72104.52801227935,74493.94035741694,71082.90647955268,73067.04747286481,976773951540,11286558,8113,71015.36125424843,74493.94035741694
2021-07-03 00:00:00,75144.06315097028,76714.48963929394,74806.33702444907,76072.80999890363,1447019209760,16060101,11769,73067.04747286481,75093.4042319921
2021-07-04 00:00:00,75051.18846617696,78014.7352264006,73877.59017651573,76292.33198114242,1164936893050,12891754,9560,76072.80999890363,75566.2208091218
2021-07-05 00:00:00,75912.39008880605,76984.67054051091,74257.5320688521,75076.51792566605,926430841540,10418120,10271,76292.33198114242,74721.90549281877
2021-07-06 00:00:00,75144.06315097028,77018.44315316303,74848.55279026422,75540.89134963271,1106610824780,12369153,8618,75076.51792566605,75076.51792566605
2021-07-07 00:00:00,76832.69378357635,79196.77666922486,75380.47143953513,77010.0,1760715320560,19302947,13881,75540.89134963271,78555.09702883456
2021-07-13 00:00:00,81200.0,81200.0,79490.0,80360.0,884587618640,11007338,5672,77010.0,80700.0
2021-07-14 00:00:00,81800.0,84340.0,80400.0,83560.0,1070389017840,12809597,11777,80360.0,83500.0
2021-07-17 00:00:00,87380.0,87380.0,80440.0,83130.0,719936750920,8660059,10964,83560.0,82000.0
2021-07-18 00:00:00,82000.0,82000.0,78980.0,79350.0,956640444010,12055257,10819,83130.0,79250.0
2021-07-19 00:00:00,78990.0,81000.0,77230.0,79670.0,601226613280,7546642,6883,79350.0,79830.0
2021-07-26 00:00:00,79400.0,82440.0,79210.0,80730.0,508311083880,6296144,6762,79670.0,81060.0
2021-07-27 00:00:00,82780.0,84760.0,81500.0,83580.0,686905532080,8218048,10769,80730.0,83880.0
2021-07-28 00:00:00,84500.0,87750.0,83600.0,86730.0,735196148520,8477221,8546,83580.0,87750.0
2021-07-31 00:00:00,89500.0,91060.0,89000.0,90870.0,778615030450,8568561,5798,86730.0,91060.0
2021-08-01 00:00:00,94000.0,95000.0,90010.0,92640.0,956674996600,10326955,12478,90870.0,91720.0
2021-08-02 00:00:00,91500.0,92500.0,89400.0,90930.0,611712164150,6727246,8013,92640.0,90880.0
2021-08-03 00:00:00,90800.0,93500.0,89910.0,92490.0,362063103270,3914684,6344,90930.0,92950.0
2021-08-04 00:00:00,93000.0,97110.0,92950.0,96860.0,1386188518070,14311614,9122,92490.0,97110.0
2021-08-07 00:00:00,98800.0,99500.0,92330.0,94780.0,845882366880,8924893,11439,96860.0,94200.0
2021-08-08 00:00:00,93390.0,99000.0,93050.0,97100.0,550043266020,5664862,7957,94780.0,98500.0
2021-08-09 00:00:00,98800.0,99990.0,97370.0,98420.0,466874961820,4743601,7019,97100.0,98000.0
2021-08-10 00:00:00,98990.0,102000.0,97500.0,99520.0,910687741760,9150586,8914,98420.0,101320.0
2021-08-11 00:00:00,101510.0,104490.0,101510.0,103740.0,941718537760,9077799,11656,99520.0,104490.0
2021-08-14 00:00:00,106000.0,106000.0,99570.0,101960.0,817506139890,8017600,10928,103740.0,103090.0
2021-08-15 00:00:00,102980.0,107000.0,102000.0,105480.0,640355890770,6070859,7265,101960.0,106750.0
2021-08-22 00:00:00,108400.0,110750.0,105530.0,110400.0,1519594667390,13763940,12130,105480.0,110750.0
2021-08-23 00:00:00,113000.0,114500.0,108500.0,110970.0,933758130760,8414135,11660,110400.0,110400.0
2021-08-24 00:00:00,110600.0,112710.0,108000.0,110010.0,1035311315970,9411042,14924,110970.0,110010.0
2021-08-25 00:00:00,110100.0,112000.0,108450.0,109910.0,839619113400,7639167,10625,110010.0,109870.0
2021-08-28 00:00:00,109920.0,111000.0,107500.0,108400.0,1275513136520,11767093,16469,109910.0,108070.0
2021-08-29 00:00:00,108710.0,109900.0,102980.0,105640.0,1247154659490,11805733,17790,108400.0,103400.0
2021-08-30 00:00:00,102000.0,103520.0,100360.0,101120.0,750494405400,7421688,8876,105640.0,100360.0
2021-08-31 00:00:00,96090.0,104120.0,96070.0,99760.0,1016068071420,10184793,13785,101120.0,101700.0
2021-09-01 00:00:00,102990.0,104740.0,102000.0,104330.0,804915413330,7714999,7668,99760.0,104740.0
2021-09-04 00:00:00,108500.0,109540.0,106540.0,109280.0,1164021727030,10651386,9761,104330.0,109540.0
2021-09-05 00:00:00,112490.0,112490.0,108000.0,110790.0,622604419510,5619831,9303,109280.0,111270.0
2021-09-06 00:00:00,111500.0,111650.0,107500.0,109700.0,731925442730,6672222,8395,110790.0,107540.0
2021-09-07 00:00:00,106300.0,109490.0,105180.0,107850.0,369658070540,3427657,5672,109700.0,108150.0
2021-09-08 00:00:00,108150.0,111390.0,108150.0,109320.0,303261000930,2774000,6531,107850.0,109300.0
2021-09-11 00:00:00,109730.0,111370.0,107000.0,109100.0,481601158740,4414455,5572,109320.0,107800.0
2021-09-12 00:00:00,108000.0,109000.0,103650.0,105050.0,536827751090,5110419,8987,109100.0,105190.0
2021-09-13 00:00:00,104000.0,106810.0,101230.0,103120.0,314300695080,3047945,6511,105050.0,103800.0
2021-09-14 00:00:00,104820.0,108270.0,104000.0,107680.0,535629595920,4974137,8235,103120.0,108260.0
2021-09-15 00:00:00,108300.0,108550.0,105520.0,107490.0,275630211630,2564191,6371,107680.0,107700.0
2021-09-18 00:00:00,108300.0,108300.0,102450.0,104630.0,368387912230,3520734,6892,107490.0,103650.0
2021-09-19 00:00:00,104500.0,106800.0,101900.0,103620.0,341280562850,3293551,6721,104630.0,103700.0
2021-09-20 00:00:00,102510.0,106000.0,102380.0,103630.0,324350070410,3129839,5877,103620.0,102700.0
2021-09-21 00:00:00,98600.0,102600.0,98460.0,99220.0,400359461680,4035171,7916,103630.0,99900.0
2021-09-22 00:00:00,100000.0,101560.0,96000.0,98750.0,468206894360,4741442,7827,99220.0,100980.0
2021-09-25 00:00:00,101890.0,103680.0,101500.0,103550.0,640808592640,6188422,6241,98750.0,103680.0
2021-09-26 00:00:00,105800.0,105990.0,103220.0,104400.0,311725037820,2985827,4997,103550.0,104500.0
2021-09-28 00:00:00,104860.0,106740.0,103000.0,104590.0,320044457300,3059990,4943,104400.0,104000.0
2021-09-29 00:00:00,104010.0,109700.0,103860.0,107900.0,568296552130,5266894,7050,104590.0,108920.0
2021-10-02 00:00:00,109100.0,113290.0,109100.0,112900.0,1264553685470,11201108,11192,107900.0,113290.0
2021-10-03 00:00:00,112000.0,116200.0,108500.0,112240.0,694839763620,6190888,9931,112900.0,110990.0
2021-10-04 00:00:00,111900.0,113300.0,109000.0,111500.0,429761921550,3854246,5682,112240.0,111510.0
2021-10-06 00:00:00,111710.0,113590.0,109780.0,111550.0,603525963310,5410291,6258,111500.0,111150.0
2021-10-09 00:00:00,113300.0,113300.0,106680.0,108420.0,459509143390,4238387,7471,111550.0,106810.0
2021-10-10 00:00:00,106240.0,111250.0,104100.0,107550.0,353432511600,3286319,5963,108420.0,108800.0
2021-10-11 00:00:00,109990.0,111500.0,107800.0,109310.0,210770438790,1928120,3921,107550.0,108700.0
2021-10-12 00:00:00,107720.0,108900.0,103850.0,104820.0,407110943610,3883866,6802,109310.0,103900.0
2021-10-13 00:00:00,103000.0,105000.0,100710.0,102550.0,403144121240,3931358,5253,104820.0,104010.0
2021-10-16 00:00:00,104100.0,107670.0,104100.0,107550.0,407953354940,3793151,1653,102550.0,107670.0
2021-10-17 00:00:00,111170.0,111200.0,107560.0,109620.0,470026547650,4287641,5632,107550.0,109100.0
2021-10-18 00:00:00,108410.0,111500.0,107710.0,110300.0,371888610030,3371490,4951,109620.0,110550.0
2021-10-19 00:00:00,111440.0,111500.0,110300.0,111250.0,287787594690,2586857,3685,110300.0,111370.0
2021-10-20 00:00:00,111980.0,111980.0,109800.0,110200.0,241429516890,2190749,3857,111250.0,109810.0
2021-10-23 00:00:00,110100.0,110100.0,104690.0,105630.0,457291910020,4329081,5746,110200.0,105700.0
2021-10-25 00:00:00,104400.0,105610.0,103000.0,103670.0,253259284790,2442834,4592,105630.0,103110.0
2021-10-26 00:00:00,103700.0,108000.0,103700.0,106760.0,298607003900,2796907,4128,103670.0,107700.0
2021-10-27 00:00:00,108860.0,110000.0,107960.0,108840.0,190973699250,1754593,3275,106760.0,108570.0
2021-10-30 00:00:00,108370.0,109970.0,106500.0,108230.0,402613496860,3719859,5176,108840.0,108390.0
2021-10-31 00:00:00,109500.0,110000.0,104500.0,106800.0,361175666020,3381710,5515,108230.0,106070.0
2021-11-01 00:00:00,108200.0,111830.0,108200.0,110250.0,286919407590,2602437,3934,106800.0,109940.0
2021-11-02 00:00:00,110800.0,112000.0,109750.0,111300.0,520399338670,4675605,4398,110250.0,111670.0
2021-11-03 00:00:00,111900.0,116800.0,111900.0,114410.0,722518142330,6315333,6483,111300.0,116000.0
2021-11-06 00:00:00,116500.0,120130.0,116490.0,119670.0,516692424800,4317778,3063,114410.0,120130.0
2021-11-07 00:00:00,124000.0,125450.0,120000.0,122660.0,1064390808210,8677606,11884,119670.0,122020.0
2021-11-08 00:00:00,122600.0,128790.0,121000.0,127850.0,1612149499160,12609760,12110,122660.0,127550.0
2021-11-09 00:00:00,129000.0,131000.0,126000.0,128410.0,1053641038810,8205527,12936,127850.0,126500.0
2021-11-10 00:00:00,127100.0,127100.0,122810.0,124360.0,736752621770,5924271,11701,128410.0,123400.0
2021-11-13 00:00:00,121880.0,124400.0,119150.0,121540.0,657252506490,5407792,7827,124360.0,120200.0
2021-11-14 00:00:00,123100.0,126650.0,121540.0,124600.0,480056839150,3852830,7346,121540.0,124650.0
2021-11-15 00:00:00,125700.0,125800.0,120050.0,121890.0,336531013730,2761005,5854,124600.0,120930.0
2021-11-16 00:00:00,120500.0,124000.0,118630.0,120920.0,398321974460,3294172,4804,121890.0,120700.0
2021-11-17 00:00:00,122980.0,123630.0,121000.0,122190.0,232074146080,1899353,3532,120920.0,122490.0
2021-11-20 00:00:00,123450.0,123450.0,116890.0,118740.0,403343278940,3396755,6733,122190.0,117880.0
2021-11-21 00:00:00,117880.0,122580.0,116940.0,119240.0,331684521540,2781690,5258,118740.0,120760.0
2021-11-22 00:00:00,122900.0,123470.0,119330.0,121360.0,438557416170,3613582,5485,119240.0,120700.0
2021-11-23 00:00:00,120900.0,122500.0,118860.0,120100.0,245427034440,2043450,4116,121360.0,120200.0
2021-11-24 00:00:00,120000.0,120000.0,117280.0,118180.0,271793298330,2299784,4378,120100.0,118680.0
2021-11-27 00:00:00,117620.0,117620.0,112280.0,114240.0,485017813440,4245738,6575,118180.0,113680.0
2021-11-28 00:00:00,112430.0,116400.0,112430.0,114960.0,246105826360,2140733,3885,114240.0,115380.0
2021-11-29 00:00:00,116340.0,118000.0,113000.0,115350.0,324973342590,2817279,4930,114960.0,113790.0
2021-11-30 00:00:00,114900.0,114900.0,109590.0,111240.0,562908054980,5060281,8136,115350.0,110450.0
2021-12-01 00:00:00,110940.0,112100.0,106600.0,108070.0,396704884170,3670773,6186,111240.0,107980.0
2021-12-04 00:00:00,109930.0,111480.0,107020.0,108460.0,371322049110,3423445,4664,108070.0,109000.0
2021-12-05 00:00:00,109000.0,111770.0,109000.0,110440.0,217751814140,1971604,3075,108460.0,111330.0
2021-12-06 00:00:00,110510.0,110900.0,108270.0,110080.0,308847012870,2805694,2766,110440.0,109980.0
2021-12-07 00:00:00,108760.0,109980.0,106920.0,107990.0,296990103130,2750171,4593,110080.0,108000.0
2021-12-08 00:00:00,108000.0,109900.0,107790.0,108820.0,141283628720,1298297,2842,107990.0,109240.0
2021-12-11 00:00:00,109500.0,109500.0,106950.0,107770.0,199603920200,1852190,3275,108820.0,107930.0
2021-12-12 00:00:00,107500.0,107930.0,103600.0,104460.0,189766101260,1816632,3664,107770.0,103860.0
2021-12-13 00:00:00,104000.0,105570.0,100230.0,102600.0,360245314410,3511073,5077,104460.0,100310.0
2021-12-14 00:00:00,100010.0,106930.0,100010.0,103840.0,288390633780,2777289,3983,102600.0,105090.0
2021-12-15 00:00:00,106400.0,106490.0,103910.0,105190.0,140163131250,1332498,2654,103840.0,105500.0
2021-12-18 00:00:00,106460.0,108580.0,105500.0,107780.0,160307690030,1487305,2732,105190.0,107920.0
2021-12-19 00:00:00,109000.0,109180.0,103800.0,105330.0,216302978810,2053661,3304,107780.0,104300.0
2021-12-20 00:00:00,106000.0,107100.0,105000.0,105740.0,142278798360,1345516,2061,105330.0,105660.0
2021-12-21 00:00:00,105760.0,109940.0,105740.0,108660.0,207983041270,1914077,2508,105740.0,109750.0
2021-12-22 00:00:00,110000.0,114090.0,109800.0,113330.0,403220788470,3558046,3680,108660.0,114090.0
2021-12-25 00:00:00,115580.0,118990.0,114460.0,116500.0,428790932270,3680612,5636,113330.0,115440.0
2021-12-26 00:00:00,115900.0,115900.0,112890.0,114140.0,255548824830,2238933,3697,116500.0,114060.0
2021-12-27 00:00:00,114060.0,116920.0,113070.0,114590.0,292724688860,2554491,3943,114140.0,114210.0
2022-01-01 00:00:00,109100.0,111990.0,109100.0,110250.0,180360208120,1635920,2159,114590.0,109910.0
2022-01-02 00:00:00,108000.0,114000.0,107610.0,110260.0,194830441050,1767075,3076,110250.0,109860.0
2022-01-03 00:00:00,110260.0,111500.0,107190.0,108130.0,177970542440,1645874,3987,110260.0,107280.0
2022-01-04 00:00:00,107000.0,108490.0,105300.0,106600.0,191095999350,1792595,2879,108130.0,106900.0
2022-01-05 00:00:00,108380.0,108380.0,106280.0,107100.0,200907817990,1875934,2246,106600.0,107400.0
2022-01-08 00:00:00,107990.0,108300.0,104810.0,106220.0,142225087740,1338922,2863,107100.0,105200.0
2022-01-09 00:00:00,105200.0,105200.0,100910.0,101760.0,294099170040,2890242,4685,106220.0,102080.0
2022-01-11 00:00:00,105000.0,105000.0,98830.0,102720.0,129458681720,1260342,2110,101760.0,103150.0
2022-01-12 00:00:00,103180.0,106500.0,103000.0,104750.0,193363555780,1845898,2999,102720.0,104150.0
2022-01-15 00:00:00,103010.0,105300.0,102740.0,103360.0,168973457520,1634740,2803,104750.0,102750.0
2022-01-16 00:00:00,103450.0,103450.0,100610.0,102120.0,204828039280,2005676,3115,103360.0,102670.0
2022-01-17 00:00:00,103440.0,104240.0,101450.0,102160.0,163303764420,1598449,2571,102120.0,101540.0
2022-01-18 00:00:00,101100.0,102000.0,97980.0,98970.0,239937704330,2424245,4958,102160.0,98970.0
2022-01-19 00:00:00,98000.0,102240.0,98000.0,100910.0,172288403380,1707417,2814,98970.0,102110.0
2022-01-22 00:00:00,98900.0,100890.0,95870.0,96920.0,761748544170,7859446,9625,100910.0,95870.0
2022-01-23 00:00:00,93010.0,94980.0,92080.0,92190.0,692895053320,7516166,3518,96920.0,92080.0
2022-01-24 00:00:00,91950.0,91950.0,87590.0,88720.0,567231946200,6393316,7475,92190.0,87590.0
2022-01-25 00:00:00,86520.0,87300.0,84290.0,84530.0,1049674878690,12418430,6693,88720.0,87200.0
2022-01-26 00:00:00,88750.0,88750.0,88520.0,88750.0,564307275370,6358433,2116,84530.0,88750.0
2022-01-29 00:00:00,89900.0,93180.0,89760.0,92360.0,236443735020,2559958,1660,88750.0,93180.0
2022-01-30 00:00:00,96970.0,96970.0,94990.0,96600.0,1093783784600,11322907,7494,92360.0,96970.0
2022-01-31 00:00:00,97000.0,98500.0,95200.0,96750.0,428192569220,4425969,5326,96600.0,96400.0
2022-02-01 00:00:00,96770.0,97900.0,95500.0,96530.0,276944251050,2868959,3462,96750.0,95800.0
2022-02-02 00:00:00,96530.0,97190.0,93500.0,95340.0,432589604280,4537301,4863,96530.0,96900.0
2022-02-05 00:00:00,96850.0,97700.0,94060.0,95500.0,192474879000,2015445,3124,95340.0,94110.0
2022-02-06 00:00:00,95980.0,95980.0,90730.0,91820.0,346430900790,3773069,3423,95500.0,90730.0
2022-02-07 00:00:00,88100.0,91700.0,88100.0,90290.0,269721978130,2987361,3375,91820.0,90000.0
2022-02-08 00:00:00,90290.0,92470.0,89290.0,90510.0,208799696070,2306939,2741,90290.0,89970.0
2022-02-09 00:00:00,91340.0,91340.0,89310.0,90480.0,251336994570,2777780,3233,90510.0,90570.0
2022-02-12 00:00:00,90800.0,91100.0,87900.0,89000.0,147098122190,1652792,3350,90480.0,87990.0
2022-02-13 00:00:00,87000.0,87700.0,85900.0,86360.0,160722408140,1861173,3921,89000.0,86100.0
2022-02-14 00:00:00,86800.0,88490.0,86360.0,87950.0,165464136640,1881329,2953,86360.0,88400.0
2022-02-16 00:00:00,87860.0,89500.0,86990.0,88950.0,116015835580,1304298,2409,87950.0,89410.0
2022-02-19 00:00:00,88800.0,89000.0,87400.0,88160.0,140103723600,1589116,2899,88950.0,87530.0
2022-02-20 00:00:00,86200.0,87530.0,84870.0,85580.0,198568551370,2320374,3833,88160.0,85170.0
2022-02-21 00:00:00,84900.0,87000.0,84840.0,85270.0,155346532900,1821717,3222,85580.0,85140.0
2022-02-22 00:00:00,85140.0,85990.0,84290.0,84740.0,144279458600,1702598,3380,85270.0,85700.0
2022-02-23 00:00:00,86900.0,88850.0,85100.0,86900.0,161058176140,1853426,3062,84740.0,88460.0
2022-02-26 00:00:00,89000.0,90500.0,88900.0,89660.0,184842507850,2061484,3571,86900.0,89500.0
2022-02-27 00:00:00,89700.0,92900.0,88530.0,90090.0,221295537360,2456410,3765,89660.0,88700.0
2022-02-28 00:00:00,88700.0,90090.0,87880.0,89150.0,116507412890,1306868,2564,90090.0,89060.0
2022-03-02 00:00:00,89060.0,90320.0,88400.0,89060.0,108682414310,1220297,2010,89150.0,88470.0
2022-03-05 00:00:00,88520.0,90000.0,87630.0,88860.0,153256523210,1724719,3157,89060.0,89160.0
2022-03-06 00:00:00,89910.0,91990.0,88870.0,90360.0,198541170480,2197111,3048,88860.0,91170.0
2022-03-07 00:00:00,90800.0,94870.0,90800.0,94470.0,719587623770,7617200,5880,90360.0,94100.0
2022-03-08 00:00:00,94890.0,96100.0,93000.0,94190.0,220237324280,2338195,3110,94470.0,93950.0
2022-03-09 00:00:00,93500.0,95150.0,93400.0,94160.0,246902720150,2622178,3536,94190.0,93550.0
2022-03-12 00:00:00,93220.0,94000.0,90500.0,91990.0,193017118820,2098216,3145,94160.0,91120.0
2022-03-13 00:00:00,91120.0,92100.0,90310.0,91600.0,144984568240,1582800,2308,91990.0,91200.0
2022-03-14 00:00:00,91200.0,92120.0,91000.0,91450.0,103048002880,1126853,1964,91600.0,91120.0
2022-03-15 00:00:00,91450.0,94300.0,90520.0,93080.0,160737402280,1726932,2052,91450.0,93990.0
2022-03-16 00:00:00,94700.0,95740.0,94000.0,95050.0,100803854030,1060484,1912,93080.0,95340.0
2022-03-19 00:00:00,96000.0,98900.0,95890.0,97190.0,200033398230,2058064,2844,95050.0,98790.0
2022-03-26 00:00:00,99650.0,102040.0,99000.0,101550.0,403874862130,3977059,2891,97190.0,102040.0
2022-03-27 00:00:00,103500.0,104500.0,101560.0,103220.0,306493754030,2969425,4848,101550.0,104340.0
2022-03-28 00:00:00,105200.0,108380.0,104000.0,107590.0,550729233830,5118623,5372,103220.0,108380.0
2022-03-29 00:00:00,108400.0,109940.0,104180.0,107740.0,404262615250,3752349,5273,107590.0,107700.0
2022-03-30 00:00:00,109600.0,113120.0,108000.0,112730.0,763223962500,6770519,6687,107740.0,113120.0
2022-04-03 00:00:00,114000.0,118000.0,114000.0,116210.0,485455010860,4177362,6671,112730.0,115780.0
2022-04-04 00:00:00,117150.0,117190.0,110640.0,112990.0,723823449760,6405920,8702,116210.0,111990.0
2022-04-05 00:00:00,112900.0,115000.0,110030.0,113010.0,390453352930,3455162,5237,112990.0,114810.0
2022-04-06 00:00:00,116140.0,116140.0,112300.0,113560.0,285062821910,2510204,3713,113010.0,113040.0
2022-04-09 00:00:00,112000.0,115490.0,111200.0,113210.0,326446052120,2883622,3399,113560.0,113570.0
2022-04-10 00:00:00,113000.0,114900.0,112820.0,114420.0,281491774620,2460108,2649,113210.0,114600.0
2022-04-11 00:00:00,115000.0,117980.0,114420.0,115920.0,265759070950,2292686,3423,114420.0,116800.0
2022-04-12 00:00:00,116500.0,116500.0,110130.0,111980.0,474131606700,4234248,5990,115920.0,110130.0
2022-04-13 00:00:00,110230.0,115350.0,110230.0,113480.0,298278663760,2628389,3694,111980.0,114340.0
2022-04-16 00:00:00,114650.0,116030.0,113500.0,115090.0,285604856600,2481613,3645,113480.0,116000.0
2022-04-17 00:00:00,116470.0,120840.0,114100.0,119870.0,782361378570,6526599,5581,115090.0,120840.0
2022-04-18 00:00:00,125400.0,125860.0,123000.0,125220.0,965282557960,7708925,8679,119870.0,124150.0
2022-04-19 00:00:00,124000.0,128480.0,122600.0,126440.0,435756179960,3446223,5709,125220.0,125700.0
2022-04-20 00:00:00,125000.0,128500.0,123000.0,124790.0,344493607830,2760664,5551,126440.0,124980.0
2022-04-24 00:00:00,124800.0,125800.0,122600.0,124030.0,308504100930,2487273,3886,124790.0,124150.0
2022-04-25 00:00:00,123120.0,125340.0,122390.0,123500.0,292823025410,2370998,4305,124030.0,124480.0
2022-04-26 00:00:00,124090.0,128000.0,124090.0,126570.0,317319622700,2506982,3934,123500.0,126690.0
2022-04-27 00:00:00,126570.0,130000.0,125760.0,127150.0,302674507580,2380493,4662,126570.0,125850.0
2022-04-30 00:00:00,127800.0,128500.0,124800.0,126210.0,301786173870,2391143,4918,127150.0,125000.0
2022-05-01 00:00:00,125000.0,126000.0,121700.0,122880.0,426733884190,3472699,7572,126210.0,123810.0
2022-05-02 00:00:00,124380.0,124380.0,120430.0,123230.0,223182402640,1811172,3102,122880.0,124270.0
2022-05-07 00:00:00,125600.0,125800.0,124200.0,124660.0,316702380040,2540523,3978,123230.0,125590.0
2022-05-08 00:00:00,126090.0,126090.0,124050.0,124490.0,251762728540,2022353,3675,124660.0,124300.0
2022-05-09 00:00:00,124970.0,124970.0,119800.0,121450.0,364773828210,3003521,5830,124490.0,119800.0
2022-05-10 00:00:00,119300.0,122930.0,118500.0,121600.0,229168904370,1884552,3229,121450.0,122200.0
2022-05-11 00:00:00,123700.0,124900.0,123000.0,124250.0,273856048810,2203999,3129,121600.0,124250.0
2022-05-14 00:00:00,124800.0,127520.0,122390.0,124400.0,423264327190,3402318,5570,124250.0,123990.0
2022-05-15 00:00:00,124150.0,124150.0,120850.0,122220.0,275628343970,2255179,4006,124400.0,122200.0
2022-05-16 00:00:00,122030.0,124500.0,122030.0,122830.0,223337741180,1818237,3930,122220.0,122480.0
2022-05-17 00:00:00,122580.0,124000.0,122400.0,123040.0,230873838470,1876382,3430,122830.0,122730.0
2022-05-18 00:00:00,124100.0,124100.0,121500.0,122100.0,177912753410,1457095,3445,123040.0,122240.0
2022-05-21 00:00:00,122000.0,122000.0,116000.0,117890.0,633301990120,5372016,8275,122100.0,117500.0
2022-05-22 00:00:00,117900.0,120000.0,117550.0,119340.0,317887726590,2663695,3478,117890.0,119800.0
2022-05-23 00:00:00,120000.0,120000.0,116370.0,117810.0,270714595740,2297800,3786,119340.0,119000.0
2022-05-24 00:00:00,119000.0,119000.0,117010.0,118040.0,196410748390,1663993,2487,117810.0,117790.0
2022-05-25 00:00:00,118490.0,118490.0,117970.0,118090.0,302730748650,2563604,3349,118040.0,118100.0
2022-05-28 00:00:00,118680.0,121000.0,118000.0,118570.0,159074378160,1341596,2775,118090.0,118660.0
2022-05-29 00:00:00,118290.0,122000.0,117000.0,119490.0,318953618230,2669335,3907,118570.0,120500.0
2022-05-30 00:00:00,120500.0,125460.0,120500.0,125190.0,1261052677540,10073046,8945,119490.0,125460.0
2022-05-31 00:00:00,127000.0,127900.0,125000.0,126590.0,506467038510,4000846,6257,125190.0,126000.0
2022-06-01 00:00:00,125000.0,125480.0,123270.0,124170.0,338192863980,2723534,4805,126590.0,123890.0
2022-06-06 00:00:00,120000.0,120000.0,117970.0,118760.0,573327341860,4827776,4972,124170.0,118460.0
2022-06-07 00:00:00,117350.0,120740.0,117350.0,119610.0,282047740850,2358142,3149,118760.0,118800.0
2022-06-08 00:00:00,120000.0,120700.0,119380.0,119700.0,278612133580,2327500,2551,119610.0,119690.0
2022-06-11 00:00:00,120000.0,120490.0,118820.0,119660.0,229924341340,1921409,3130,119700.0,120300.0
2022-06-12 00:00:00,120000.0,125640.0,119760.0,125140.0,681076271740,5442729,6020,119660.0,125580.0
2022-06-13 00:00:00,126000.0,131390.0,126000.0,131090.0,956335672570,7295237,7860,125140.0,131380.0
2022-06-14 00:00:00,132390.0,137000.0,131090.0,134710.0,712417909530,5288636,7601,131090.0,135960.0
2022-06-15 00:00:00,135900.0,136800.0,131220.0,134570.0,533880447060,3967398,5836,134710.0,134570.0
2022-06-18 00:00:00,127850.0,127850.0,127850.0,127850.0,312743218050,2446173,1610,134570.0,127850.0
2022-06-19 00:00:00,121460.0,123170.0,121460.0,121680.0,2273825694340,18687457,14790,127850.0,121800.0
2022-06-20 00:00:00,119350.0,123150.0,119350.0,121800.0,414814586290,3405802,5492,121680.0,121040.0
2022-06-21 00:00:00,120050.0,120950.0,118700.0,119270.0,405694585000,3401361,6025,121800.0,119080.0
2022-06-22 00:00:00,118000.0,119450.0,117420.0,118180.0,388984803920,3291328,4632,119270.0,118000.0
2022-06-25 00:00:00,116900.0,118390.0,115710.0,117650.0,290698426930,2470813,3818,118180.0,117040.0
2022-06-26 00:00:00,117690.0,117690.0,114900.0,116000.0,400346149030,3451132,4631,117650.0,116500.0
2022-06-27 00:00:00,116000.0,121800.0,116000.0,119470.0,405124863830,3390935,4320,116000.0,121690.0
2022-06-28 00:00:00,122000.0,124290.0,122000.0,123240.0,336907717270,2733813,4352,119470.0,122690.0
2022-06-29 00:00:00,122800.0,122800.0,119090.0,121960.0,214196434370,1756301,2765,123240.0,122400.0
2022-07-02 00:00:00,122000.0,123350.0,119520.0,120590.0,148287053400,1229714,2531,121960.0,120140.0
2022-07-03 00:00:00,120000.0,124180.0,119600.0,122500.0,246337832220,2010852,3181,120590.0,122360.0
2022-07-04 00:00:00,123430.0,124250.0,122360.0,122890.0,188826704490,1536591,2584,122500.0,122800.0
2022-07-05 00:00:00,123000.0,124420.0,122600.0,123390.0,242673902970,1966738,2941,122890.0,123020.0
2022-07-06 00:00:00,123900.0,124050.0,122650.0,123400.0,279833989500,2267789,3032,123390.0,123060.0
2022-07-09 00:00:00,123380.0,124170.0,121990.0,123020.0,415192555940,3374915,4014,123400.0,122010.0
2022-07-11 00:00:00,122000.0,123000.0,118110.0,120700.0,977614866200,8099309,8027,123020.0,120190.0
2022-07-13 00:00:00,0.0,0.0,0.0,120700.0,0,0,0,120700.0,120190.0
